id,stem,option1,option2,option3,option4,option5,option6,option7,option8,correct,explanation,specialty,tags,image_path,explanation_image,explanation_video
1,"In patients with type 1 diabetes mellitus, when will the HbA1c expected to be the lowest?",Age 9 and below,Age 10 to 19,Age 20 to 29,Age > 60,,,,,1,"HbA1c is lowest in children <9 years. Pre-pubertal children are more insulin-sensitive. During puberty (10–19), growth hormone and sex steroids cause insulin resistance so HbA1c tends to rise. Adults generally have higher or more relaxed targets than young children.",Endocrine,"T1DM,HbA1c,Paediatrics,2020 Feb MS",,,
2,Which DNA repair pathway is affected by PARP inhibitors in the treatment of advanced BRCA1 positive advanced ovarian cancer?,Base excision repair,Nucleotide excision repair,Double stranded break via homologous recombination,DNA mismatch repair,,,,,1,"PARP-1 is required for base excision repair (BER) of single-strand breaks. In BRCA-mutated cells, homologous recombination is already defective. Blocking BER causes accumulation of single-strand breaks that collapse into double-strand breaks the cell cannot repair, leading to synthetic lethality. Thus PARP inhibitors target the base excision repair pathway.",Oncology,"PARP inhibitors,Base excision repair,BRCA1,Ovarian cancer,Oncology,2020 Feb MS",,,
3,"Using the diagram provided below, determine which of the following is most likely to represent a pathogenic mutation? EXON (CGGCAGGAT) | INTRON (AAGGCAGCT) | EXON (CGGGATAGC)",CGGCA(A)GAT  |  AAGGCAGCTAG  |  CGGGATAGC,CGGCAGGAT  |  AAGGCGGCTAG  |  CGGG(A)TAGC,CGGCA_GAT  |  AAGGCAGCTAG  |  CGGGATAGC,CGGCAGGAT  |  AAGGCAGCTAG  | CG(A)GATAGC,,,,,3,"The original exon sequence is: CGGCAGGAT  CGGGATAGC. Option C has a missing base (deletion) in the exon: CGGCA_GAT. This shifts the reading frame (frameshift mutation), so every codon downstream is changed, usually generating a premature stop codon and a truncated, non-functional protein _ highly likely to be pathogenic.",Genetics,"Genetics, Frameshift mutation, Exon deletion, Pathogenic mutation, 2020 Feb MS",images/q0003.png,,
4,A 50-year-old male presents with adult-onset asthma. It is not responding to salbutamol and inhaled corticosteroids. What is the next step in management?,Spirometry,FeNO,CT chest,Sputum eosinophils,,,,,1,"When asthma is not responding to standard therapy, the first step is to confirm the diagnosis, and spirometry with bronchodilator testing is the recommended initial investigation. FeNO and sputum eosinophils are secondary tests used after airflow obstruction is demonstrated. CT chest is not first-line unless red flags are present.",Respiratory ,"Asthma,Spirometry,Airways disease,Respiratory, 2020 Feb MS",,,
5,What is the common homozygous gene mutation that results in haemochromatosis?,C282Y,delta F508,H63D,S65C,,,,,1,Hereditary haemochromatosis is most commonly caused by homozygosity for the C282Y mutation in the HFE gene. Other mutations like H63D are less penetrant and typically cause milder or no disease.,Genetics,"Haemochromatosis,C282Y,HFE,Genetics,2020 Feb MS",,,
6,"Over ten years the relative risk, (fully adjusted for confounders) of diabetes when comparing people who drink sugar sweetened beverages (SSBs) everyday compared to those who don't is 1.2. In a population where 50% of the people drink SSBs every day, what is the population attributable fraction?",1%,2%,10%,20%,,,,,3,"PAF = Pe(RR-1) / [Pe(RR-1) + 1]. With Pe = 0.5 and RR = 1.2, the PAF = 0.09, so the closest answer is 10%. (Pe = Population exposed)",Statistics,"PAF,Epidemiology,Statistics,Risk,2020 Feb MS",,,
7,A patient with Crohns disease has both axial (sacroiliitis) and peripheral arthritis. He is started on sulfasalazine and his bowel symptoms improve. Which arthritic symptoms will also improve?,Both axial and peripheral,"Just axial, not peripheral","Not axial, just peripheral",Neither axial nor peripheral,,,,,3,"Sulfasalazine is effective for peripheral enteropathic arthritis but does not meaningfully improve axial (sacroiliac/spinal) disease, which responds better to biologic agents such as anti-TNF therapy.",Rheumatology,"Crohns disease,Enteropathic arthritis,Sulfasalazine,Rheumatology,2020 Feb MS",,,
8,Beta-2 microglobulin is a component of which immune structure?,B cell,T cell,MHC I,MHC II,,,,,3,"Beta-2 microglobulin forms the invariant light chain of MHC class I molecules on all nucleated cells, stabilising the complex; it is not part of MHC class II.",Immunology,"Beta-2 microglobulin,MHC I,Immunology,2020 Feb MS",,,
9,"A patient eats microwaved rice for lunch and presents with vomiting, abdominal pain, and diarrhoea three hours later. What is the likely cause?",Campylobacter,Bacillus cereus,Salmonella,Shigella,,,,,2,Bacillus cereus classically causes rapid-onset food poisoning from reheated rice due to preformed toxin; onset is typically within a few hours.,Infectious Diseases,"Bacillus cereus,Food poisoning,Microwaved rice,Infectious diseases,2020 Feb MS",,,
10,What is the mechanism of methotrexate?,Inhibits dihydrofolate reductase,Inhibits dihydroorotate reductase,Inhibits inosine monophosphate dehydrogenase,Inhibits thiopurine methyltransferase,,,,,1,"Methotrexate is a folate analogue that competitively inhibits dihydrofolate reductase, reducing tetrahydrofolate and impairing thymidylate and purine synthesis.",Rheumatology,"Methotrexate,DHF reductase inhibitor,DMARD,Rheumatology,2020 Feb MS",,,
11,What process of B cell maturation takes place in the germinal centres?,Somatic hypermutation,Activation of B cells from T cells,Direct presentation of antigen to B cells,Positive selection,,,,,1,"Within germinal centres, activated B cells undergo somatic hypermutation and affinity maturation of their immunoglobulin genes (often with class switching).",Immunology,"B cell maturation,Germinal centre,Somatic hypermutation,Immunology,2020 Feb MS",,,
12,Pirfenidone delays worsening of forced vital capacity (FVC) in which group?,Emphysema,Pulmonary embolism,Interstitial pulmonary fibrosis,Silicosis related fibrosis,,,,,3,"Pirfenidone is an antifibrotic agent shown to slow FVC decline and disease progression in idiopathic pulmonary fibrosis, a form of interstitial pulmonary fibrosis.",Respiratory ,"Pirfenidone,Idiopathic pulmonary fibrosis,Interstitial lung disease,Respiratory,2020 Feb MS",,,
13,What cell type is typically found in the inflammatory infiltrate of clozapine-associated myocarditis?,Lymphocytes,Neutrophils,Eosinophils,Giant cells,,,,,3,Clozapine myocarditis is characteristically an eosinophilic hypersensitivity myocarditis with prominent eosinophilic infiltrates on histology.,Cardiology,"Clozapine myocarditis,Eosinophilic myocarditis,Cardiology,2020 Feb MS",,,
14,What is the mechanism of resistance of carbapenemase-producing bacteria?,Hydrolysis of beta-lactam,Alteration of target site,Change in porin size,Efflux pump,,,,,1,"Carbapenemases are beta-lactamases that hydrolyse the beta-lactam ring of carbapenems, inactivating the antibiotic.",Infectious Diseases,"Carbapenemase,Beta-lactamase,Antibiotic resistance,Infectious diseases,2020 Feb MS",,,
15,Which pharmacodynamic factor is most important for the efficacy of penicillins?,Time above MIC,Peak concentration,AUC:MIC ratio,AUC,,,,,1,Penicillins are time-dependent killers; their efficacy correlates best with the proportion of the dosing interval that free drug levels remain above the MIC.,Infectious Diseases,"Penicillin,Time above MIC,Pharmacodynamics,Infectious diseases,2020 Feb MS",,,
16,What is the mechanism of decreased haptoglobin in haemolytic anaemia?,Haptoglobin haemoglobin dimers cleared by liver,Bilirubin haptoglobin dimers cleared by liver,Haptoglobin haemoglobin dimers cleared by kidney,Bilirubin haptoglobin dimers cleared by kidney,,,,,1,"In intravascular haemolysis, free haemoglobin binds haptoglobin to form complexes that are taken up and cleared by the liver, depleting serum haptoglobin.",Haematology,"Haemolytic anaemia,Haptoglobin,Intravascular haemolysis,Haematology,2020 Feb MS",,,
17,Which cranial nerves carry parasympathetic nerve fibres?,"III, V, VII, IX","III, V, VII, X","III, V, IX, X","III, VII, IX, X",,,,,4,"Preganglionic parasympathetic fibres leave the brainstem in cranial nerves III, VII, IX and X; V does not carry preganglionic parasympathetic fibres.",Neurology,"Parasympathetic cranial nerves,CN III,CN VII,CN IX,CN X,Neurology,2020 Feb MS",,,
18,"Type B nerve fibres are small, myelinated fibres. Which of the following is an example of this?",Pain and temperature,Vibration and proprioception,Efferent to intrafusal muscles,Preganglionic nerve fibres of autonomic system,,,,,4,"Type B fibres are small, myelinated preganglionic autonomic fibres with relatively slow conduction compared with larger type A fibres.",Neurology,"Type B nerve fibres,Preganglionic autonomic,Neurology,2020 Feb MS",,,
19,What is the primary mechanism of action for metaraminol?,Alpha 1,Alpha 2,Beta 1,Beta 2,,,,,1,Metaraminol is a predominantly alpha-1 adrenergic agonist (with some indirect noradrenaline-releasing effects) used as a vasopressor to increase blood pressure.,Intensive care,"Metaraminol,Alpha-1 agonist,Vasopressor,ICU,2020 Feb MS",,,
20,Which of the following rarely causes renal amyloidosis?,Transthyretin-associated,AA,AL,Apolipoprotein A1 amyloidosis,,,,,1,Renal involvement is common in AA and AL amyloidoses and can occur with ApoA1; transthyretin (ATTR) amyloidosis predominantly affects the heart and peripheral nerves and rarely causes renal amyloid.,Renal,"Renal amyloidosis,Transthyretin,AA amyloid,AL amyloid,Renal,2020 Feb MS",,,
21,What is the most common type of Ehlers-Danlos syndrome?,Classic,Hypermobile,Cardiac-valvular,Vascular,,,,,2,"The hypermobile type of Ehlers-Danlos syndrome is the most common clinical subtype, characterised by joint hypermobility and soft, stretchy skin without the marked vascular fragility seen in the vascular type.",Rheumatology,"Ehlers-Danlos,Hypermobile,EDS,Rheumatology,2020 Feb MS",,,
22,"When determining whether a drug is bioequivalent, which pharmacological parameter is most important?",Maximal concentration,Area under the curve,Bioavailability,Distribution,,,,,2,"Bioequivalence studies primarily compare the area under the plasma concentration-time curve (AUC), along with Cmax (though AUC has becomen the primary measure), to ensure similar extent and rate of absorption between formulations.",Pharmacology,"Bioequivalence,AUC,Pharmacology,2020 Feb MS",,,
23,What is the most common cell type for functioning pituitary adenomas?,Gonadotroph,Somatotroph,Lactotroph,Pituicyte,,,,,3,"Prolactin-secreting lactotroph adenomas are the most common functioning pituitary adenomas, followed by somatotroph and corticotroph tumours.",Endocrine,"Pituitary adenoma,Lactotroph,Prolactinoma,Endocrine,2020 Feb MS",,,
24,What is the function of telomerase reverse transcriptase?,Adding DNA to ends,Capping the ends of DNA,Unravelling DNA helix,Removing telomere repeat sequence from the 3 end of telomeres,,,,,1,"Telomerase is a reverse transcriptase that adds repetitive DNA sequences to the ends of chromosomes, helping maintain telomere length during replication.",Genetics,"Telomerase,Telomere,Reverse transcriptase,Genetics,2020 Feb MS",,,
25,BRCA1-associated breast cancers are most commonly associated with which receptor pattern?,ER positive PR positive HER2 negative,ER negative PR negative HER2 negative,ER positive PR negative HER2 negative,ER negative PR positive HER2 positive,,,,,2,"BRCA1-related breast cancers are typically high-grade, basal-like, and triple negative for ER, PR and HER2.",Oncology,"BRCA1,Triple negative breast cancer,Oncology,2020 Feb MS",,,
26,A patient with a QTc of 550 milliseconds requires antibiotics. Which of these is most likely to cause further QT prolongation?,Amoxicillin,Ciprofloxacin,Nitrofurantoin,Cephalexin,,,,,2,"Fluoroquinolones such as ciprofloxacin can prolong the QT interval, whereas amoxicillin, nitrofurantoin and cephalexin do not have significant QT-prolonging effects.",Cardiology,"QT prolongation,Ciprofloxacin,Cardiology,2020 Feb MS",,,
27,Which vitamin is given to patients with chronic haemolytic anaemia to reduce the risk of developing aplastic crisis?,Vitamin C,Cobalamin,Folate,Vitamin B12,,,,,3,"Patients with chronic haemolysis have increased red cell turnover and folate requirements for DNA synthesis, so folic acid supplementation is used to prevent megaloblastic change and aplastic crises.",Haematology,"Haemolytic anaemia,Folate,Haematology,2020 Feb MS",,,
28,In which breast cancer patients are CDK4/6 inhibitors indicated?,ER PR positive HER2 negative,ER PR negative HER2 positive,ER PR negative HER2 negative,ER PR positive HER2 positive,,,,,1,"Cyclin-D-CDK4/6 inhibitors such as palbociclib are used in hormone-receptor-positive, HER2-negative advanced or metastatic breast cancer in combination with endocrine therapy. Inhibition of CDK4/6 prevents phosphorylation of pRB (retinoblastoma protein), keeping pRB in its active hypophosphorylated form. Active pRB remains bound to E2F, preventing E2F-mediated transcription of genes such as Cyclin E that are required for S-phase entry. As a result, the cell is arrested in G1 and cannot progress to the S phase.",Oncology,"CDK4 6 inhibitor,Breast cancer,ER positive,HER2 negative,Oncology,2020 Feb MS",,,
29,What is the mechanism of action of sirolimus in treating tuberous sclerosis?,Inhibitor of TSC1-TSC2 gene interaction,Activator of TSC1-TSC2 gene interaction,Mammalian target of rapamycin inhibitor,None of the above,,,,,3,"Sirolimus is an inhibitor of the mammalian target of rapamycin (mTOR) pathway, which is overactive in tuberous sclerosis due to TSC1 or TSC2 mutations.",Genetics,"Sirolimus,mTOR inhibitor,Tuberous sclerosis,Genetics,2020 Feb MS",,,
30,What is the approximate half life of thyroxine in humans?,1 day,7 days,21 days,42 days,,,,,2,"Thyroxine has a long half life of about 7 days in euthyroid individuals, which underlies the slow onset and offset of effect with dose changes. It would technically allow patients to take their weekly dose on one day per week. Futhermore, it explains why daily dosing is adjusted by calculating the total weekly dose.",Endocrine,"Thyroxine,T4,Half life,Endocrine,2020 Feb MS",,,
31,What is array comparative genomic hybridisation used for?,Balanced chromosomal translocations,Chromosomal microdeletions,Missense mutations,Single nucleotide polymorphisms,,,,,2,"Array comparative genomic hybridisation detects copy number changes such as microdeletions and microduplications, but does not detect balanced translocations or point mutations.",Genetics,"Array CGH,Microdeletion,Copy number variation,Genetics,2020 Feb MS",,,
32,What is the expected thyroid scintigraphy pattern in subacute thyroiditis?,Diffuse uptake,Focal uptake,Normal,Suppressed,,,,,4,"In subacute (de Quervain) thyroiditis, preformed hormone is released from a damaged gland, so radioiodine uptake is low or absent and appears suppressed on scintigraphy.",Endocrine,"Subacute thyroiditis,Thyroid scintigraphy,Endocrine,2020 Feb MS",,,
33,"What is the mechanism of action of denosumab, a RANK ligand inhibitor?",Inhibits osteoclast maturation,Inhibits osteoblast apoptosis,Causes osteoblast apoptosis,Causes osteoclast maturation,,,,,1,"Denosumab is a monoclonal antibody against RANK ligand, preventing RANK ligand from binding RANK on osteoclast precursors and thereby inhibiting osteoclast formation and activity.",Endocrine,"Denosumab,RANK ligand,Osteoclast,Endocrine,2020 Feb MS",,,
34,Tranexamic acid improves survival in major trauma. What does tranexamic acid bind to?,Plasminogen,Thrombin,Factor X,Fibrin,,,,,1,"Tranexamic acid is a lysine analogue that binds plasminogen and plasmin, inhibiting their interaction with fibrin and thereby reducing fibrinolysis. (It has the opposite effect to tPA)",Haematology,"Tranexamic acid,Plasminogen,Antifibrinolytic,Haematology,2020 Feb MS",,,
35,B-type natriuretic peptide is commonly measured in heart failure. In which patient group does it have reduced sensitivity for diagnosing heart failure?,Chronic kidney disease,Sepsis,Advanced age,Obesity,,,,,4,"BNP levels tend to be lower than expected in obese patients, reducing the sensitivity of BNP for detecting heart failure in this group.",Cardiology,"BNP,Heart failure,Obesity,Cardiology,2020 Feb MS",,,
36,Oxygenation is increased by improving functional residual capacity. This is done by adjusting which ventilator setting?,End inspiratory pressure,Increased FiO2,PEEP,Respiratory rate,,,,,3,"Positive end expiratory pressure increases functional residual capacity, helping to prevent alveolar collapse and improve oxygenation.",Respiratory ,"PEEP,FRC,Oxygenation,Respiratory,2020 Feb MS",,,
37,"Peak concentrations of therapeutic doses of paracetamol occur at about 2 hours. In overdose, peak concentrations occur later, around 6 hours. What is the main reason for this difference?",Delayed absorption,Delayed elimination,Administration of N-acetylcysteine,Administration of activated charcoal,,,,,1,"Massive overdose slows gastric emptying and can lead to formation of pharmacobezoars, delaying absorption and shifting the time to peak concentration.",Pharmacology,"Paracetamol overdose,Delayed absorption,Pharmacology,2020 Feb MS",,,
38,Which cytokine is particularly implicated in recurrent fever syndromes such as familial Mediterranean fever?,Interferon gamma,Interleukin 1,Tumour necrosis factor,Interleukin 17,,,,,2,Familial Mediterranean fever and several other autoinflammatory syndromes are driven by excess interleukin 1 signalling and respond to IL-1 blockade. Treatment could therefore include Anakinra,Immunology,"Familial Mediterranean fever,IL-1,Autoinflammatory,Immunology,2020 Feb MS",,,
39,What is the most common mechanism for angioedema with the use of neprilysin inhibitors after changing from ACE inhibitors?,Substance P,Bradykinin,Leukotriene D2,Prostaglandin E2,,,,,2,"Both ACE inhibitors and neprilysin inhibitors reduce bradykinin breakdown, so overlap or inadequate washout can lead to accumulation of bradykinin and angioedema. Hence the 72hr washout when switching from ACEi to Entresto",Cardiology,"Neprilysin inhibitor,ACE inhibitor,Bradykinin,Angioedema,Cardiology,2020 Feb MS",,,
40,What is the main mechanism for paracetamol toxicity in overdose?,Cytochrome P450 inhibition,Disruption of oxidative phosphorylation,Induction of glucuronidation,Relative glutathione deficiency,,,,,4,"In overdose, excess paracetamol is shunted through cytochrome P450 pathways to form the toxic metabolite NAPQI. When hepatic glutathione is depleted, NAPQI binds to cellular proteins and causes hepatocellular necrosis.",Pharmacology,"Paracetamol toxicity,NAPQI,Glutathione,Pharmacology,2020 Feb MS",,,
41,"In elderly people, serum creatinine may not adequately reflect renal function. What is the main reason?",Increase in comorbidities,Decrease in renal mass,Diet,Reduced muscle mass,,,,,4,"Older adults have reduced skeletal muscle mass which lowers creatinine production. Serum creatinine may appear normal despite reduced GFR, so eGFR is essential.",Renal,"Creatinine,Low muscle mass,Renal,2020 Feb MS",,,
42,Which antibiotic is used for Pneumocystis jirovecii prophylaxis?,Bactrim,Pentamidine,Ciprofloxacin,Augmentin,,,,,1,Trimethoprim sulfamethoxazole (Bactrim) is first line for Pneumocystis jirovecii prophylaxis in immunocompromised patients.,Infectious Diseases,"Pneumocystis,Bactrim,ID,2020 Feb MS",,,
43,What is the main benefit of TAF over TDF in HIV management?,Elimination of nephrotoxicity,Blocks CCR5 receptor,Improved efficacy as PrEP,Limited drug resistance,,,,,1,"Tenofovir alafenamide (TAF) achieves high intracellular levels with lower plasma concentrations, reducing renal and bone toxicity compared to TDF.",Infectious Diseases,"TAF,TDF,HIV,ID,2020 Feb MS",,,
44,What is the mechanism of action of beta lactamase?,Hydrolyses the beta lactam ring,Disrupts DNA synthesis,Disrupts RNA signalling,Alters penicillin binding proteins,,,,,1,"Beta lactamases hydrolyse the beta lactam ring of penicillins and related antibiotics, rendering them inactive.",Infectious Diseases,"Beta lactamase,Antibiotic resistance,ID,2020 Feb MS",,,
45,What is the bioavailability of a drug with oral 100 mg AUC 50 and IV 10 mg AUC 5?,25 percent,50 percent,75 percent,100 percent,,,,,4,"Bioavailability is AUC oral divided by AUC IV multiplied by dose IV over dose oral. Here 50/5 multiplied by 10/100 equals 1, so bioavailability is 100 percent.",Pharmacology,"Bioavailability,AUC,Pharmacology,2020 Feb MS",,,
46,Which vitamin deficiency can occur with long term metformin use?,Vitamin B12,Vitamin B6,Vitamin C,Vitamin D,,,,,1,Metformin interferes with B12 absorption in the terminal ileum. Long term treatment increases the risk of B12 deficiency and neuropathy.,Endocrine,"Metformin,B12 deficiency,Endocrine,2020 Feb MS",,,
47,What is the reason for giving calcium chloride in severe hyperkalaemia?,Counteracts membrane effects of potassium,Increases acid excretion,Corrects metabolic acidosis,Drives potassium into cells,,,,,1,Calcium chloride stabilises cardiac membranes and reduces arrhythmia risk but does not alter serum potassium.,Cardiology,"Hyperkalaemia,Calcium chloride,Cardiology,2020 Feb MS",,,
48,"If there is a defect in VDJ rearrangement, which cells will be absent?",B cells only,B and T cells,B T and NK cells,T cells only,,,,,2,VDJ recombination is essential for antigen receptor formation in both B and T cells. NK cells do not rely on this process.,Immunology,"VDJ,B cells,T cells,Immunology,2020 Feb MS",,,
49,Which pathway is inhibited to reduce splenomegaly in primary myelofibrosis?,JAK1 2,BRAF MEK,RAS MAPK,GCS F,,,,,1,"Ruxolitinib inhibits JAK1 and JAK2, reducing cytokine driven splenic enlargement and improving symptoms.",Haematology,"Myelofibrosis,JAK inhibitor,Haem,2020 Feb MS",,,
50,What is the mechanism of liver damage in alpha 1 antitrypsin deficiency?,Increased protease activity,Elastase overactivation,Protein accumulation in hepatocytes,Oxidative stress,,,,,3,Mutant alpha 1 antitrypsin accumulates inside hepatocytes causing cellular injury and fibrosis.,Gastroenterology,"A1AT,Liver injury,Protein accumulation,Liver,Hepatology,2020 Feb MS",,,
51,What is the mechanism causing hypokalaemia with frusemide?,Inhibits potassium hydrogen transporter in proximal tubule,Inhibits sodium potassium channel in distal convoluted tubule,Inhibits sodium potassium chloride channel in thick ascending loop,Inhibits sodium hydrogen symporter in thin descending loop,,,,,3,Loop diuretics block the NKCC2 transporter in the thick ascending limb. Increased sodium delivery distally increases potassium secretion causing hypokalaemia.,Renal,"Frusemide,Hypokalaemia,NKCC2,Renal,2020 Feb MS",,,
52,Which amyloid cardiomyopathy has the worst prognosis if untreated?,AL,AA,Transthyretin,Abeta,,,,,1,AL amyloidosis progresses rapidly with severe cardiac involvement and the poorest natural prognosis.,Cardiology,"Amyloid,AL,Cardiology,2020 Feb MS",,,
53,"In acute HIV 1 infection, which coreceptor does the virus commonly bind apart from CD4?",CCR5,CXCR4,CD3,CTLA4,,,,,1,Most early HIV 1 strains are CCR5 tropic and use the CCR5 coreceptor to enter host cells. CCR5 is expressed on macrophages which are more involved in early infection.,Infectious Diseases,"HIV,CCR5,ID,2020 Feb MS",,,
54,Major changes in pulsatility of which hormone initiate puberty?,GnRH,Inhibin,Oxytocin,DHEA,,,,,1,"Increased pulsatile secretion of GnRH triggers LH and FSH release, initiating puberty.",Endocrine,"Puberty,GnRH,Endocrine,2020 Feb MS",,,
55,What is the best way to prevent BK virus nephropathy in early renal transplant?,Reduce mycophenolate and tacrolimus dose,Add adefovir,Add acyclovir,Monitor BK PCR,,,,,1,"Reducing immunosuppression, especially mycophenolate and tacrolimus, is the primary way to prevent BK nephropathy.",Renal,"BK virus,Transplant,Immunosuppression,Renal,2020 Feb MS",,,
56,What mechanism explains orthodeoxia in hepatopulmonary syndrome?,Left heart preload,Pulmonary capillary dilatation,Increased intra abdominal pressure,Increased cardiac output,,,,,2,"Dilated pulmonary vessels cause excessive shunting when upright, lowering oxygen saturation.",Respiratory,"Orthodeoxia,HPS,Respiratory,2020 Feb MS",,,
57,Which technique is most likely to detect secondary medically significant abnormalities?,Array CGH,FISH,Whole genome sequencing,Sanger sequencing,,,,,3,Whole genome sequencing captures coding and non coding regions and identifies incidental genetic findings at the highest rate.,Genetics,"WGS,Incidental findings,Genetics,2020 Feb MS",,,
58,What explains how somatic cancer gene rearrangements give rise to malignancy?,Gene fusion,Gene translocation,Missense mutation,Nonsense mutation,,,,,1,"Oncogenic gene fusions create abnormal proteins with uncontrolled signalling, driving malignant transformation.",Genetics,"Gene fusion,Oncogenesis,Genetics,2020 Feb MS",,,
59,What proportion of HLA B27 positive people have ankylosing spondylitis?,5 percent,25 percent,50 percent,90 percent,,,,,1,"Only about 5 percent of HLA B27 positive individuals develop ankylosing spondylitis, indicating additional triggers are required.",Rheumatology,"HLA B27,Ankylosing spondylitis,Rheum,2020 Feb MS",,,
60,What method is used to reduce the risk of graft versus host disease in patients receiving a blood transfusion?,Irradiation,Leukodepletion,Haemodilution,ATG,,,,,1,"Irradiation of cellular blood products inactivates donor lymphocytes and prevents transfusion associated graft versus host disease, particularly in immunocompromised or HLA matched recipients.",Haematology,"Transfusion,Graft versus host disease,Irradiated blood,Haem,2020 Feb MS",,,
61,Which ECG finding is a minor criterion for acute rheumatic fever?,Prolongation of the PR interval,Wide QRS interval,Tachycardia,QT prolongation,,,,,1,First degree heart block with PR interval prolongation is a minor Jones criterion for acute rheumatic fever; tachycardia is non specific and QRS or QT changes are not Jones criteria.,Cardiology,"Rheumatic fever,PR prolongation,Jones criteria,Cardio,2020 Feb MS",,,
62,Which of the following is known as the universal plasma donor?,O,AB,A,B,,,,,2,"AB plasma lacks anti A and anti B antibodies and can therefore be given to recipients of any ABO group, making AB the universal plasma donor type.",Haematology,"Plasma transfusion,AB universal donor,Haem,2020 Feb MS",,,
63,What is the term for when someone has the desire and physical ability to perform a task but is unable to carry it out on command?,Abulia,Agnosia,Alexia,Apraxia,,,,,4,"Apraxia is the inability to perform learned purposeful movements despite preserved comprehension, strength and coordination; it reflects a disorder of motor planning rather than motivation or primary motor deficit.",Neurology,"Apraxia,Neurocognition,Neurology,2020 Feb MS",,,
64,"If there is a deficiency of terminal complement proteins, what is the impact on the complement pathways?","Classic reduced, alternate reduced","Classic unchanged, alternate unchanged","Classic reduced, alternate unchanged","Classic unchanged, alternate reduced",,,,,1,Both the classical and alternative pathways converge on C3 and then the terminal components (C5 to C9). Deficiency of terminal complement impairs formation of the membrane attack complex for both pathways.,Immunology,"Complement,Terminal components,MAC,Immunology,2020 Feb MS",,,
65,There are multiple hallmarks of cancer. Which hallmark is targeted by immune checkpoint inhibitors?,Replicative immortality,Avoiding immune destruction,Evading growth suppressors,Sustained proliferative signalling,,,,,2,"Checkpoint inhibitors such as anti PD1 and anti CTLA4 antibodies remove inhibitory signals on T cells, restoring immune recognition of tumour cells and counteracting the hallmark of avoiding immune destruction.",Oncology,"Hallmarks of cancer,Checkpoint inhibitor,Immune evasion,Oncology,2020 Feb MS",,,
66,Select the most appropriate lung function parameter: the volume of air breathed in and out with each normal breath.,Tidal volume,Inspiratory reserve volume,Vital capacity,Functional residual capacity,FEV1,Diffusion capacity,Residual volume,Total lung capacity,1,"Tidal volume is the small volume of air moved in and out of the lungs during quiet breathing, typically about 500 millilitres in an adult.",Respiratory ,"Lung volumes,Tidal volume,Respiratory physiology,Resp,2020 Feb MS",,,
67,Select the most appropriate lung function parameter: the volume exhaled with maximal expiration after taking a maximal inspiration.,Tidal volume,Inspiratory reserve volume,Vital capacity,Functional residual capacity,FEV1,Diffusion capacity,Residual volume,Total lung capacity,3,"Vital capacity is the maximum volume exhaled after a maximal inspiration and reflects the sum of inspiratory reserve volume, tidal volume and expiratory reserve volume.",Respiratory ,"Lung volumes,Vital capacity,Respiratory physiology,Resp,2020 Feb MS",,,
68,Which cognitive test from the list best assesses working memory?,Sentence repetition,Cube drawing,Naming three objects,Trail making,Months of the year backwards,Design fluency,Digit span forward,Sentence writing,5,"Reciting the months of the year backwards requires holding and manipulating a well learned sequence, engaging attention and online manipulation, and is commonly used as a bedside working memory task.",Neurology,"Working memory,Months backwards,Cognitive testing,Neurology,2020 Feb MS",,,
69,Which cognitive test from the list best assesses visual attention and task switching?,Sentence repetition,Cube drawing,Naming three objects,Trail making,Months of the year backwards,Design fluency,Digit span forward,Sentence writing,4,"The trail making test, particularly part B, assesses visual attention, psychomotor speed and the ability to switch between tasks, making it a classic test of set shifting and executive function.",Neurology,"Trail making,Executive function,Attention,Neurology,2020 Feb MS",,,
70,"A 56-year-old man with advanced alcoholic cirrhosis is admitted with an upper gastrointestinal haemorrhage requiring six units of blood. He is later found to have hypoxaemia with PaO2 51 mmHg and PaCO2 30 mmHg on room air, improving to PaO2 560 mmHg on 100 percent oxygen. What is the most likely cause of his arterial hypoxaemia?",Ventilation perfusion mismatch,Intrapulmonary right to left shunt,Impaired oxygen diffusion,Reduced alveolar ventilation,Impaired oxygen carrying capacity of haemoglobin,,,,1,"A large increase in PaO2 when breathing 100 percent oxygen is characteristic of ventilation perfusion mismatch, whereas true right to left shunt shows much less improvement with high inspired oxygen.",Respiratory,"Ventilation-perfusion mismatch,Hepatopulmonary syndrome,Hypoxaemia,ABG interpretation,Respiratory failure,Respiratory,1999 Feb MS",,,
71,Which one of the following is the most common biochemical association of obesity?,Mutation of the insulin receptor,Reduced serum leptin,Mutation of the beta3 adrenergic receptor,Raised serum C peptide,Raised blood glucose,,,,4,"Obesity is classically associated with insulin resistance and compensatory hyperinsulinaemia, reflected biochemically by raised C peptide levels rather than primary receptor mutations or low leptin.",Endocrine,"Obesity,Insulin resistance,Hyperinsulinaemia,C-peptide,Metabolic syndrome,Endocrine,1999 Feb MS",,,
72,Which feature of glomerular pathology is least consistent with Wegener granulomatosis?,Focal necrosis,Crescents,IgG deposition,T cell infiltrate,Macrophage infiltrate,,,,3,Wegener granulomatosis causes a pauci immune necrotising crescentic glomerulonephritis with little or no immunoglobulin deposition on immunofluorescence.,Renal,"Wegener granulomatosis,Granulomatosis with polyangiitis,Pauci-immune glomerulonephritis,RPGN,Renal pathology,Renal,1999 Feb MS",,,
73,In which circumstance is hepatitis C transmission most likely to occur?,Intravenous drug use,Unprotected sexual activity with multiple partners,Vaginal delivery from a seropositive PCR negative mother,Breastfeeding from a seropositive PCR positive mother,"Vaginal delivery from a seropositive, PCR positive mother",,,,1,"The highest risk of hepatitis C transmission is with intravenous drug use and needle sharing; sexual, perinatal and breastfeeding transmission are much less efficient.",Infectious Diseases,"Hepatitis C,IV drug use,Blood-borne virus,Viral hepatitis,Transmission risk,Infectious diseases,1999 Feb MS",,,
74,Which is the most appropriate method for DNA genetic diagnosis of Huntington disease?,RFLP analysis,PCR analysis,Size estimation of a triplet repeat,Southern hybridisation,Identification of gene-specific mutations,,,,3,"Huntington disease is due to CAG triplet repeat expansion in the HTT gene; diagnosis is made by sizing the repeat length, usually by PCR based sizing methods.",Genetics,"Huntington disease,Triplet repeat,CAG expansion,Neurogenetics,Genetic testing,Genetics,1999 Feb MS",,,
75,Transfusion transmitted infections in Australasia are now most likely to occur following infusion of which blood product?,Red blood cells,Platelets,Factor VIII concentrate,Fresh frozen plasma,anti D immunoglobulin,,,,2,"Platelets are stored at room temperature, which favours organism survival; despite screening, they carry a higher residual risk of transfusion transmitted infection than other products.",Haematology,"Transfusion-transmitted infection,Platelet transfusion,Blood products,Transfusion medicine,Haematology,1999 Feb MS",,,
76,Which of the following is least likely to be associated with a flare of systemic lupus erythematosus?,Falling level of C3,Falling peripheral blood leucocyte count,Increasing titre of anti double stranded DNA antibodies,Increasing peripheral blood platelet count,Increasing urinary protein level,,,,4,"Active SLE is associated with complement consumption, cytopenias, rising anti dsDNA titres and increasing proteinuria; thrombocytopenia is typical, so a rising platelet count is least consistent with a flare.",Rheumatology,"Systemic lupus erythematosus,SLE flare,Disease activity,Complement,Anti-dsDNA,Rheumatology,1999 Feb MS",,,
77,Which is the most likely reason for the increasing prevalence of heart failure in the community?,Increasing prevalence of hypertension,Ageing of the population,Improvement in age adjusted prognosis of heart failure,Increasing numbers of older women in the population,Improved survival of patients with coronary heart disease,,,,5,"Better survival after myocardial infarction and other coronary events means more people live long enough to develop chronic left ventricular dysfunction, increasing heart failure prevalence.",Cardiology,"Heart failure epidemiology,Coronary artery disease,Post-MI survival,LV dysfunction,Cardiology,1999 Feb MS",,,
78,A Streptococcus pneumoniae isolate has high level resistance to penicillin with MIC greater than 2 micrograms per litre. It is most likely to be sensitive to which antibiotic?,Erythromycin,Chloramphenicol,Cefotaxime,Vancomycin,Ciprofloxacin,,,,4,"High level penicillin resistant pneumococci may have reduced susceptibility to many beta lactams, but they remain reliably susceptible to vancomycin.",Infectious Diseases,"Streptococcus pneumoniae,Penicillin resistance,Antibiotic choice,Vancomycin,Infectious diseases,1999 Feb MS",,,
79,"Cytokine regulation, especially involving interleukin 2, is least affected by which immunosuppressive drug?",Prednisolone,Mycophenolate,Cyclosporin,Tacrolimus,Rapamycin,,,,2,Mycophenolate primarily inhibits de novo purine synthesis in lymphocytes; it does not directly inhibit IL2 production or signalling like calcineurin inhibitors or steroids.,Immunology,"Immunosuppression,IL-2,Calcineurin inhibitors,Mycophenolate,T-cell activation,Immunology,1999 Feb MS",,,
80,"In a bioavailability study, an intravenous dose of 20 mg gives an AUC of 100 mg hour per litre and an oral dose of 50 mg gives an AUC of 200 mg hour per litre. What is the oral bioavailability?",50 percent,60 percent,70 percent,80 percent,90 percent,,,,4,"Bioavailability equals AUC oral divided by AUC IV multiplied by dose IV divided by dose oral. Here 200 100 times 20 50 equals 0 point 8, that is 80 percent.",Pharmacology,"Bioavailability,Pharmacokinetics,AUC,Drug absorption,Oral versus IV,Pharmacology,1999 Feb MS",,,
81,The antigen to which pANCA most commonly binds in neutrophil azurophilic granules is:,Myeloperoxidase,Tumour necrosis factor alpha,Elastase,Proteinase 3,Cathepsin G,,,,1,Perinuclear ANCA in microscopic polyangiitis and related conditions most commonly targets myeloperoxidase in neutrophil granules.,Immunology,"pANCA,Myeloperoxidase,MPO,Vasculitis,ANCA-associated disease,Immunology,1999 Feb MS",,,
82,"A 35-year-old man presents with rectal bleeding. He describes the blood as being mixed with the stool. He is otherwise well. His brother was diagnosed with bowel cancer at the age of 38. At colonoscopy he was found to have two exophytic tumours, one at the hepatic flexure, the other in the distal transverse colon. The remainder of the colon was normal. Biopsies of both areas showed adenocarcinoma. The most likely genetic disorder in this family is",Familial adenomatous polyposis coli,Hereditary non polyposis colorectal cancer,Gardner syndrome,Peutz Jeghers syndrome,a p53 gene mutation,,,,2,"Hereditary non polyposis colorectal cancer, or Lynch syndrome, causes early onset proximal colon cancers without the hundreds of adenomas seen in FAP.",Oncology,"Colorectal cancer,HNPCC,Lynch syndrome,Mismatch repair,Hereditary cancer,Oncology,1999 Feb MS",,,
83,Which best describes the association between insulin resistance and coronary heart disease?,Independent of total cholesterol,Confined to subjects with low HDL cholesterol,Confined to obese individuals,Confined to hypertensive subjects only,Confined to diabetic subjects only,,,,1,Hyperinsulinaemia and insulin resistance predict coronary heart disease independent of total cholesterol and other conventional risk factors.,Endocrine,"Insulin resistance,Hyperinsulinaemia,Metabolic risk,Coronary heart disease,Endocrine,1999 Feb MS",,,
84,A type 2 helper T lymphocyte differs most from a type 1 helper T lymphocyte in which of the following?,Surface expression of CD4,Surface expression of MHC class II,Production of interleukin 3,Production of interleukin 5,Responsiveness to antigen presented by macrophages,,,,4,"Th2 cells characteristically produce IL5 and IL4, supporting humoral and eosinophilic responses, whereas Th1 cells produce IL2 and interferon gamma.",Immunology,"T helper cells,Th1 Th2 differentiation,IL-5,Eosinophils,Immune regulation,Immunology,1999 Feb MS",,,
85,Which best describes hepatitis E virus infection?,"Enteric transmission, acute self limiting course, increased mortality in pregnant women","Parenteral transmission, chronic course, mortality due to chronic liver disease","Mode of transmission unknown, chronic course, mortality due to chronic liver disease","Parenteral transmission, acute self limiting course, increased mortality in pregnant women","Mode of transmission unknown, chronic course, does not cause clinically significant illness",,,,1,Hepatitis E is an enterically transmitted acute hepatitis that is usually self limiting but carries high mortality in pregnant women.,Infectious Diseases,"Hepatitis E,Enteric transmission,Acute hepatitis,Pregnancy mortality,Viral hepatitis,Infectious diseases,1999 Feb MS",,,
86,A renal transplant patient develops hyperglycaemia three months after transplantation. Which therapy is least likely to contribute to hyperglycaemia?,Tacrolimus,Prednisolone,Azathioprine,Cyclosporin,Atenolol,,,,3,"Steroids and calcineurin inhibitors such as tacrolimus and cyclosporin impair glucose tolerance, whereas azathioprine is not typically diabetogenic.",Renal,"Renal transplant,Post-transplant diabetes,Calcineurin inhibitors,Steroid-induced hyperglycaemia,Renal,1999 Feb MS",,,
87,A 56-year-old man with severe emphysema and FEV1 of 0.7 litres is to have lung volume reduction surgery. What is the most likely outcome?,A 50% possibility of a major complication,No change in FEV1,No change in exercise capacity,A 50% increase in FEV1,A 100% increase in exercise capacity,,,,1,"In appropriately selected patients lung volume reduction surgery can produce substantial gains in FEV1, of the order of 20-30%, although with important perioperative risk. It comes with up to a 50% risk of major adverse complications.",Respiratory,"Emphysema,Lung volume reduction surgery,FEV1,Exercise capacity,Respiratory,1999 Feb MS",,,
88,For which of the following cancers is there least evidence of familial aggregation?,Breast cancer,Germ cell tumours of the testis,Lung cancer,Ovarian cancer,Prostate cancer,,,,3,"Breast, ovarian, prostate and testicular germ cell tumours all show clear familial clustering; lung cancer is more strongly linked to shared environmental risk such as smoking.",Oncology,"Familial cancer risk,Breast cancer,Ovarian cancer,Lung cancer,Environmental risk,Oncology,1999 Feb MS",,,
89,"In managing osteoporosis with alendronate, which property most influences the method of administration?",Long half life in bone,Potential renal toxicity,Rapid clearance from plasma,Propensity to complex with mineral cations,Potential to casue diarrhoea,,,,4,"Oral bisphosphonates such as alendronate bind strongly to calcium and other cations, so they must be taken fasting with plain water and separated from food or supplements to allow absorption.",Endocrine,"Alendronate,Bisphosphonates,Drug absorption,GI administration,Osteoporosis,Endocrine,1999 Feb MS",,,
90,"In a 25 year old female with atopic dermatitis, what is the most likely finding? ",Skin prick test positive to house dust mites ,Rash in the flexor surfaces of elbows and knees ,Skin Biopsy with eosinophils present ,RAST ,Serum IgE > 4000 ,Photosensitivity ,,,2,"Atopic dermatitis in adults classically presents with a chronic pruritic eczematous rash affecting flexural areas such as the antecubital and popliteal fossae; while elevated IgE and positive allergen tests can occur, they are not universal or required for diagnosis, and features like photosensitivity are not typical.",Immunology,"Atopic dermatitis,Eczema,Flexural rash,Antecubital fossa,Popliteal fossa,Pruritus,Atopy,Dermatology,Adult eczema,2010 Feb MS",,,
91,"In the immune system, what is the role of Toll Like receptors? ",Innate Immune system ,Activation of neutrophils ,Activation of Treg cells ,Activation of the membrane attack complex ,Activation of B-cells ,,,,1,Toll like receptors are pattern recognition receptors of the innate immune system that detect pathogen associated molecular patterns and initiate early immune responses.,Immunology,"TLR,Innate immunity,Pattern recognition receptors,PAMPs,Immune activation,2010 Feb MS",,,
92,Which of the following vaccinations is relatively contraindicated in immunocompromised patient? ,HPV ,Influenzae ,Pneumococcal polysaccharide ,Tetanus toxoid ,VZV vaccination ,,,,5,Live attenuated vaccines such as VZV are relatively contraindicated in immunocompromised patients due to risk of disseminated infection.,Immunology,"Vaccination,Immunocompromised,Live vaccines,VZV,Contraindication,2010 Feb MS",,,
93,A patient with IgA deficiency serum IgA undetectable is undergoing planning for a liver transplant. Which of the following is the major postoperative factor to consider during his perioperative management? ,Antibiotic administration ,Blood transfusion anti IgA antibodies can cause anaphylaxis ,Hepatobiliary anastomotic stricture ,Immunosuppression ,Post operative ventilation ,,,,2,Patients with IgA deficiency may develop anti IgA antibodies and can have anaphylaxis with blood transfusion.,Immunology,"IgA deficiency,Blood transfusion,Anaphylaxis,Anti IgA antibodies,Transplant,2010 Feb CA",,,
94,What is the most common phenotype in someone who has IgG subclass deficiency? ,Autoimmune disease ,Atopy ,Normal phenotype ,Chronic gastrointestinal infections ,Recurrent sinopulmonary infections ,,,,5,IgG subclass deficiency most commonly presents with recurrent sinopulmonary infections due to impaired response to encapsulated organisms.,Immunology,"IgG subclass deficiency,Sinopulmonary infections,Humoral immunity,Encapsulated organisms,2010 Feb CA",,,
95,A 35 year old man with Streptococcus pyogenes cellulitis of the right foot and a distant history of penicillin allergy unclear reaction as a child. What is the best method to test for allergy status in this man? ,In vitro IgE for penicillin RAST ,In vitro total IgE ,Graded oral flucloxacillin challenge ,Skin prick and intradermal testing for penicillin ,Skin prick and intradermal testing for cephazolin ,,,,4,Skin prick and intradermal testing is the best validated method to assess penicillin allergy risk.,Immunology,"Penicillin allergy,Skin testing,Drug allergy,Intradermal test,RAST,2010 Feb CA",,,
96,HLA B5701 testing is now performed in HIV clinics. Which one of the following reactions does it screen for? ,Efavirenz CNS symptoms ,Abacavir Rash Hypersensitivity reaction ,Bactrim Rash ,Tenofovir renal impairment ,Adefovir lactic acidosis ,,,,2,HLA B5701 predicts risk of abacavir hypersensitivity reaction which can be severe and life threatening.,Infectious Diseases,"HLA B5701,Abacavir,Hypersensitivity,HIV,Pharmacogenomics,2010 Feb CA",,,
97,Which of the following best describes the method by which NK cells kill virally infected cells? ,Complement activation ,Activation of virus specific B cells ,Lysis of cells that have reduced MHC expression ,Direct binding to highly conserved virus structures ,Opsonisation of virus particles ,,,,3,NK cells recognise reduced MHC class I expression and induce apoptosis via perforin and granzyme.,Immunology,"NK cells,MHC class I,Perforin,Granzyme,Innate immunity,2011 Feb MS",,,
98,A young adult presents with recurrent mild meningococcal infections. What is the likely primary immunodeficiency? ,CD4 ,CD8 ,Neutrophil ,Total haemolytic complement level CH50 ,Immunoglobulins ,,,,4,Recurrent Neisseria infections suggest terminal complement deficiency screened with reduced CH50.,Immunology,"Complement deficiency,Neisseria,CH50,MAC,Recurrent infection,2011 Feb MS",,,
99,Anaphylaxis is initiated by: ,Allergen induced production of IgE by B cells ,Binding of allergen to IgE receptors on mast cells ,Recruitment of basophils and eosinophils by IL 13 ,Release of leukotrienes and cytokines by mast cells ,Spontaneous release of preformed histamine and tryptase granules from mast cells ,,,,2,Anaphylaxis is triggered by allergen cross linking IgE on mast cells leading to degranulation.,Immunology,"Anaphylaxis,IgE,Mast cells,Hypersensitivity,Type I reaction,2011 Feb MS",,,
100,Common Variable Immunodeficiency CVID is the most common primary immunodeficiency in adults. The pathogenesis of this condition is best explained by: ,Absence of T and B co stimulatory signals ,Absence of neutrophil respiratory burst ,Dysfunction in T cell signalling and activation ,Disorder of B Cell maturation ,Absent or reduced B Cell function ,,,,4,CVID is due to failure of B cells to mature into plasma cells resulting in impaired immunoglobulin production.,Immunology,"CVID,B cell maturation,Immunodeficiency,Plasma cells,Antibody deficiency,2011 Feb MS",,,
101,A 54 year old man with a history of HIV AIDS presents with focal left hand motor seizures. A CT brain shows a 3cm enhancing lesion in the right frontal lobe. What is the most likely cause? ,Glioma ,Meningioma ,Primary cerebral lymphoma ,Secondary cerebral lymphoma ,Secondary Kaposi sarcoma ,,,,3,In advanced HIV a solitary enhancing brain lesion is most consistent with primary CNS lymphoma often EBV associated.,Infectious Diseases,"HIV,CNS lymphoma,EBV,Brain lesion,Seizures,2011 Feb CA",,,
102,A 34 year old man presents with recurrent sinusitis and bronchitis with previous lobar pneumonias and low IgG and IgA with normal B cell count. What is the most likely diagnosis? ,CVID ,HIV ,IgG subclass deficiency ,Selective IgA deficiency ,SCID ,,,,1,Low IgG and IgA with normal B cells and recurrent infections indicates CVID due to impaired B cell maturation.,Immunology,"CVID,Immunodeficiency,IgG,IgA,Recurrent infections,B cell dysfunction,2011 Feb CA",,,
103,A nurse sustains a needlestick injury from a patient with HIV and high viral load poorly compliant with therapy. What is the appropriate advice for post exposure prophylaxis? ,Await HIV genotype before starting treatment ,Enrol in experimental prophylaxis program ,Give antiretrovirals the patient has never been exposed to ,Prescribe same antiretrovirals as patient ,Reassure no further action needed ,,,,3,PEP should use drugs the source patient has not been exposed to to avoid resistance.,Infectious Diseases,"HIV,Needlestick,PEP,Antiretrovirals,Resistance,2011 Feb CA",,,
104,A 26 year old woman has had 2 previous miscarriages. Which antibody is associated with the highest future risk of miscarriages? ,Anti cardiolipin ,Anti Ro ,ANA ,Anti LA ,Anti Sm ,Anti histone ,,,1,Anticardiolipin antibodies are part of antiphospholipid syndrome causing recurrent miscarriage via placental thrombosis.,Immunology,"Antiphospholipid syndrome,Anticardiolipin,Recurrent miscarriage,Thrombosis,Autoimmune,2011 Feb CA",,,
105,Absence of B cells is characteristic of which primary disorder? ,Chronic granulomatous disease CGD ,Common variable immunodeficiency CVID ,Di George Syndrome ,X linked agammaglobulinaemia XLA ,X linked lymphoproliferative disease XLP ,,,,4,XLA causes failure of B cell maturation due to BTK mutation leading to absent peripheral B cells and low immunoglobulins.,Immunology,"XLA,BTK,B cell deficiency,Agammaglobulinaemia,Primary immunodeficiency,2012 Feb MS",,,
106,What is the role of the HLA human leukocyte antigen or MHC major histocompatibility complex in the immune response? ,Presentation of antigens to T cells ,Co stimulation between T and B cells ,Production of cytokines ,Production of pathogenic autoantibodies ,Stimulation of natural killer NK cells ,,,,1,MHC molecules present antigen peptides to T cells enabling adaptive immune activation.,Immunology,"MHC,HLA,Antigen presentation,T cells,Adaptive immunity,2012 Feb MS",,,
107,You suspect a patient has a T cell immunodeficiency. Which recurrent infections would support this suspicion? ,Candida glabrata oesophagitis ,Gardnerella vaginalis vulvovaginitis ,Neisseria meningitidis meningitis ,Staphylococcus aureus furunculosis ,Streptococcus pneumoniae pneumonia ,,,,1,T cell deficiency predisposes to opportunistic fungal infections such as Candida oesophagitis.,Immunology,"T cell deficiency,Candida,Opportunistic infection,Cell mediated immunity,Fungal infection,2012 Feb MS",,,
108,This is a picture of a woman with Stevens Johnson Syndrome Toxic Epidermal Necrolysis. Which of the following is the most likely cause of this condition? ,Amoxycillin ,Erythromycin ,Lamotrigine ,Levetiracetam ,Trimethoprim ,,,,3,SJS TEN is most strongly associated with antiepileptics such as lamotrigine.,Immunology,"SJS,TEN,Lamotrigine,Drug reaction,Hypersensitivity,2012 Feb CA",images/q0004.png,,
109,45 year old male ex IVDU stable on methadone with HIV recently started on a protease inhibitor presents with anxiety abdominal cramps nausea vomiting diarrhoea sweating and hypertension. What is the most appropriate course of action? ,Cease the protease inhibitor ,Increase the dose of methadone ,Investigate for opportunistic infection ,Prescribe an anxiolytic such as diazepam ,Reassure this is expected side effect ,,,,2,Protease inhibitors increase methadone metabolism causing opioid withdrawal requiring dose increase.,Infectious Diseases,"Methadone,HIV,Protease inhibitor,Drug interaction,Opioid withdrawal,2012 Feb CA",,,
110,A 20 year old male presents with erythematous rash arthralgia fever weight loss abdominal pain and leukocytoclastic vasculitis on biopsy. What is the expected finding on deep dermal immunofluorescence? ,Complement C3 ,Fibrinogen ,IgA ,IgG ,IgM ,,,,3,IgA vasculitis shows IgA deposition in vessel walls on immunofluorescence.,Rheumatology,"IgA vasculitis,Henoch Schonlein purpura,Leukocytoclastic vasculitis,IgA,Immune complexes,2012 Feb CA",images/q0005.png,,
111,The most important event in complement dependent cytotoxicity is: ,Fc receptor binding to membrane bound antigens ,Something about membrane lipid rafts ,Fas Fas ligand induced apoptosis ,Formation of membrane attack complex ,Perforin mediated cytolysis ,,,,4,Complement dependent cytotoxicity results in formation of the membrane attack complex causing cell lysis.,Immunology,"Complement,MAC,Cytotoxicity,Immune response,C5b-9,2013 Feb MS",,,
112,What test is most likely to confirm a primary immunodeficiency in a 25 year old female? ,B cell level ,T cell level ,Complement CH50 assay ,IgG level ,IgM level ,,,,4,Serum IgG measurement is the most useful initial test for adult primary immunodeficiency especially CVID.,Immunology,"Primary immunodeficiency,IgG,CVID,Screening,Humoral immunity,2013 Feb MS",,,
113,What is the key cell type involved in graft versus host disease in an allogenic cord stem cell transplant? ,B cells ,NK cells ,Dendritic cells ,T cells ,,,,,4,GVHD is mediated by donor T cells recognising recipient tissues as foreign.,Immunology,"GVHD,T cells,Transplant,Allogenic,Immune response,2013 Feb MS",,,
114,You suspect a patient has a T cell immunodeficiency. Which recurrent infections would support this suspicion? ,Candida glabrata oesophagitis ,Gardnerella vaginalis vulvovaginitis ,Neisseria meningitidis meningitis ,Staphylococcus aureus furunculosis ,Streptococcus pneumoniae pneumonia ,,,,1,T cell deficiency predisposes to opportunistic fungal infections such as Candida oesophagitis.,Immunology,"T cell deficiency,Candida,Opportunistic infection,Fungal,Cell mediated immunity,2013 Feb MS",,,
115,A middle aged patient presents with headache lethargy lymphadenopathy and a purpuric rash on his feet with cryoglobulins and an IgM paraprotein. What is the most likely diagnosis? ,Hepatitis C infection ,Rheumatoid arthritis ,Sjogren syndrome ,Waldenstrom macroglobulinaemia ,Systemic lupus erythematosus ,,,,4,Type I cryoglobulinaemia with monoclonal IgM is classically associated with Waldenstrom macroglobulinaemia.,Haematology,"Cryoglobulinaemia,IgM,Waldenstrom,Hyperviscosity,Lymphoproliferative,2013 Feb CA",images/q0006.png,,
116,A 43 year old woman presents with proximal muscle weakness anti Jo 1 positive ANA positive CK 2000 ESR 60 EMG myopathic changes. What is the worst prognostic feature? ,Dysphagia ,Rash ,CK greater than 2000 ,Interstitial lung disease ,Raynaud phenomenon ,,,,4,Interstitial lung disease is the major cause of morbidity and mortality in antisynthetase syndrome.,Rheumatology,"Antisynthetase,Anti Jo 1,Myositis,ILD,Prognosis,2013 Feb CA",,,
117,A patient with newly diagnosed partial epilepsy started on carbamazepine develops a maculopapular rash after 2 weeks. What is the predominant cell type involved? ,T cells ,IgG ,Complement ,IgE ,B cells ,,,,1,This is a type IV delayed hypersensitivity reaction mediated by T cells.,Immunology,"Type IV hypersensitivity,T cells,Drug rash,Carbamazepine,Delayed reaction,2013 Feb CA",,,
118,What is the greatest predictor of future thrombosis in patients with antiphospholipid syndrome? ,Annexin A5 antibody ,Anticardiolipin antibody ,Lupus anticoagulant ,Beta 2 glycoprotein 1 antibody ,Anti thrombin antibody ,,,,3,Lupus anticoagulant is the strongest predictor of thrombosis risk in antiphospholipid syndrome.,Rheumatology,"APS,Lupus anticoagulant,Thrombosis,Autoimmune,Hypercoagulable,2013 Feb CA",,,
119,A 23 year old woman presents with fatigue weight loss and symmetrical small joint swelling. Which is the best test to establish the diagnosis? ,Rheumatoid factor RF ,Anti CCP antibodies ,ESR ,CRP ,ANA ,Hand X ray ,Serum uric acid ,Creatine kinase CK ,2,"Anti-CCP antibodies are ~95 to 98% specific for Rheumatoid arthritis and can be positive early, even before radiographic changes. They also predict a more aggressive, erosive disease course.",Rheumatology,"Rheumatoid arthritis,Anti CCP,Diagnosis,Autoimmune,Small joints,2013 Feb CA",,,
120,What is the gold standard test for diagnosis of food allergy? ,RAST IgE ,Skin prick test ,Food challenge ,IgE level ,Eosinophils ,,,,3,Oral food challenge is the gold standard for diagnosing food allergy.,Immunology,"Food allergy,Oral challenge,Gold standard,IgE,Allergy testing,2013 Feb CA",,,
121,A 20 year old male presents with rash arthralgia abdominal pain and leukocytoclastic vasculitis. What is the expected finding on deep dermal immunofluorescence? ,Complement C3 ,Fibrinogen ,IgA ,IgG ,IgM ,,,,3,IgA vasculitis shows IgA deposition in vessel walls on immunofluorescence.,Rheumatology,"IgA vasculitis,Henoch Schonlein purpura,IgA,Leukocytoclastic vasculitis,Immune complexes,2013 Feb CA",images/q0005.png,,
122,A 20 year old young woman has recurrent facial swelling shown below. Which of the following is the most sensitive test for her condition? ,C4 level ,Tryptase ,Histamine ,IgE ,Eosinophils ,,,,1,Low C4 is the most sensitive screening test for hereditary angioedema due to C1 esterase inhibitor deficiency.,Immunology,"Hereditary angioedema,C4,C1 esterase inhibitor,Angioedema,Complement,2014 Feb MS",images/q0007.png,,
123,Delay in the time to giving which of the following intervention worsens prognosis for anaphylaxis: ,Adrenaline ,Bronchodilators ,Corticosteroids ,Anti histamines ,IV fluids ,,,,1,Early intramuscular adrenaline is the most important intervention in anaphylaxis and delays worsen outcomes.,Immunology,"Anaphylaxis,Adrenaline,Emergency,Management,Hypersensitivity,2014 Feb MS",,,
124,Complete absence of B lymphocytes is seen in which condition? ,Chronic granulomatous disease ,X linked agammaglobulinaemia ,Di George syndrome ,Common variable immunodeficiency ,X linked lymphoproliferative disease ,,,,2,X linked agammaglobulinaemia causes failure of B cell maturation leading to absent peripheral B lymphocytes.,Immunology,"XLA,BTK,B cells,Agammaglobulinaemia,Primary immunodeficiency,2014 Feb MS",,,
125,A 25 year old woman presents with recurrent sinopulmonary infections. A deficiency of which of the following suggests a primary immunodeficiency? ,B cells ,T cells ,IgG ,IgM ,Ch50 complement level ,,,,3,IgG deficiency is the key marker of humoral immunodeficiency causing recurrent sinopulmonary infections.,Immunology,"IgG,Primary immunodeficiency,Sinopulmonary infections,Humoral immunity,CVID,2014 Feb MS",,,
126,"In kidney or other solid organ transplant, what confers the greatest risk of CMV post transplant? ",Past CMV infection ,Continued immune suppression with tacrolimus ,Methylprednisone pulse for acute rejection ,CMV +ve organ donor and CMV naive recipient ,ATG for acute rejection ,,,,4,Greatest CMV risk is donor positive recipient negative causing primary infection in immunosuppressed host.,Infectious Diseases,"CMV,Transplant,D positive R negative,Immunosuppression,Infection risk,2014 Feb MS",,,
127,"In patients with primary common variable immunodeficiency syndrome, which of the following malignancies is most common when compared to the general population? ",Non melanotic skin cancer ,Breast cancer ,Non Hodgkin lymphoma ,Acute myeloid leukemia ,Multiple myeloma ,,,,3,CVID is associated with increased risk of lymphoproliferative disorders especially non Hodgkin lymphoma.,Immunology,"CVID,Lymphoma,Malignancy,Immunodeficiency,B cell proliferation,2014 Feb CA",,,
128,What side effect must a patient about to start carbamazepine be warned about? ,Agranulocytosis ,Hepatotoxicity ,Syncope ,Severe skin reactions ,Psychosis ,,,,4,Carbamazepine is associated with severe skin reactions such as Stevens Johnson syndrome and TEN.,Immunology,"Carbamazepine,SJS,TEN,Drug reaction,Hypersensitivity,2014 Feb CA",,,
129,A 28 year old man has a 10 year history of recurrent respiratory infections. His CT chest is shown below. Blood tests are as follows Hb Normal WCC Normal Platelets Normal Lymphocytes Normal Neutrophils Normal IgG Decreased IgM Decreased IgA Decreased Normal T cell subsets Normal CD 19 count What is the most likely diagnosis? ,Common variable immunodeficiency ,Cystic fibrosis ,HIV ,Severe congenital immunodeficiency ,X linked agammaglobulinaemia ,,,,1,Low IgG IgA and IgM with normal B cells and T cells indicates CVID.,Immunology,"CVID,Hypogammaglobulinaemia,Recurrent infections,B cells,Humoral deficiency,2014 Feb CA",images/q0008.png,,
130,The pathogenesis of periodic fever syndrome is thought to primarily involve? ,Natural killer cells ,Cytokines ,Inflammasomes ,Eosinophils ,Neutrophils ,,,,3,Periodic fever syndromes are driven by inflammasome activation leading to IL 1 mediated inflammation.,Immunology,"Inflammasome,Periodic fever,Autoinflammatory,IL1,Innate immunity,2014 Feb CA",,,
131,"In contact dermatitis, which cell type is most responsible for the formation of wheal and oedema? ",B cells ,T cells ,Eosinophils ,Mast cells ,Neutrophils ,,,,4,Wheal and oedema are due to mast cell degranulation releasing histamine causing increased vascular permeability.,Immunology,"Contact dermatitis,Mast cells,Histamine,Wheal,Type IV hypersensitivity,2015 Feb MS",,,
132,What is the most common manifestation of secondary immunodeficiency caused by chronic systemic steroid use? ,Bacterial bronchopneumonia ,Folliculitis ,Herpes zoster ,Oral candidiasis ,Viral meningitis ,,,,1,Chronic steroid use most commonly predisposes to bacterial infections particularly bronchopneumonia.,Immunology,"Steroids,Immunosuppression,Bacterial infection,Bronchopneumonia,Secondary immunodeficiency,2015 Feb MS",,,
133,Subcutaneous and sublingual desensitisation immunotherapy is fast becoming widely accepted as effective treatment for aeroallergen desensitisation. Absolute numbers of which of the following cells is most likely to increase with immunotherapy? ,Eosinophils ,Macrophages ,Th1 helper T lymphocytes ,Regulatory Treg lymphocytes ,Natural killer NK lymphocytes ,,,,4,Immunotherapy increases regulatory T cells which suppress allergic Th2 responses and promote tolerance.,Immunology,"Immunotherapy,Treg,Allergy,Desensitisation,Immune tolerance,2015 Feb MS",,,
134,Young boy presents with recurrent sinopulmonary infection and two episodes of bronchial pneumonia. Bloods show low IgG low IgA normal IgE. What is the most likely diagnosis? ,Common variable immunodeficiency ,X linked agammaglobulinaemia ,Severe combined immunodeficiency ,Leucocyte adhesion deficiency ,Chronic granulomatous disease ,,,,1,Low IgG and IgA with recurrent infections suggests CVID with impaired antibody production.,Immunology,"CVID,Hypogammaglobulinaemia,Recurrent infections,Humoral deficiency,Paediatric,2015 Feb CA",,,
135,Acquired angioedema secondary to autoimmune disease is caused by decreased inhibition in which part of the complement cascade? ,Mannose binding lectin ,Classical pathway ,Alternative pathway ,Factor H ,Terminal membrane attack complex ,,,,2,C1 esterase inhibitor deficiency leads to loss of inhibition of the classical complement pathway.,Immunology,"Angioedema,C1 inhibitor,Complement,Classical pathway,Bradykinin,2015 Feb CA",,,
136,33 year old man presents with hypotension hypoxia rash after bee sting. After resuscitation what is the most appropriate management? ,Antihistamines H1 H2 ,Nil further management ,Adrenaline autoinjector ,Desensitisation ,Avoid gardening ,,,,3,After anaphylaxis patients require adrenaline autoinjector for future episodes and education.,Immunology,"Anaphylaxis,Bee sting,Adrenaline,Autoinjector,Allergy,2015 Feb CA",,,
137,A 50 year old man with HIV CD4 545 presents with fever lymphadenopathy and palmar rash. What is the diagnosis? ,CMV ,HSV ,Toxoplasmosis ,Syphilis ,EBV ,,,,4,Palmar rash with systemic symptoms is characteristic of secondary syphilis.,Infectious Diseases,"Syphilis,Secondary syphilis,Palmar rash,HIV,Infection,2015 Feb CA",,,
138,Which aspect compared with the humoral immune system is a cardinal feature of the innate immune system? ,Diversity ,Memory ,Specificity ,Inflammation ,Self tolerance ,,,,4,Innate immunity is characterised by rapid non specific responses dominated by inflammation.,Immunology,"Innate immunity,Inflammation,Non specific,Immune system,2016 Feb MS",,,
139,Which of the following is a critical step in central T cell tolerance? ,Antigen presentation ,Negative selection ,Apoptosis ,Costimulation ,Receptor editing ,,,,2,Central T cell tolerance is mediated by negative selection removing self reactive T cells in the thymus.,Immunology,"T cell tolerance,Negative selection,Thymus,Autoimmunity,Central tolerance,2016 Feb MS",,,
140,Conjugate vaccines attached to a carrier protein and polysaccharide antigen have better efficacy than conjugated vaccine attached to polysaccharide alone. Why? ,Depot ,Better T cell response ,More IgM ,Makes memory B cell ,Antigen transport to lymph nodes ,,,,2,Protein conjugation enables T cell dependent responses improving class switching and memory.,Immunology,"Vaccines,Conjugate vaccine,T cell dependent,Memory B cells,Immunology,2016 Feb MS",,,
141,A 20 year old man suffers from SJS due to amoxicillin. In addition to referral to an immunologist what additional treatment or advice should you offer him? ,Intradermal antigen sensitivity testing ,Skin prick testing ,No further treatment or advice ,Avoid beta lactam antibiotics for life ,Perform desensitisation to amoxicillin ,,,,4,SJS is a severe type IV hypersensitivity requiring lifelong avoidance of the causative drug and related agents.,Immunology,"SJS,Drug reaction,Type IV hypersensitivity,Amoxicillin,Allergy,2016 Feb CA",,,
142,A 52 year old female landscape gardener is stung by a bee and develops anaphylaxis with elevated tryptase. What is the most appropriate treatment for reducing future risk of further episodes? ,Desensitisation to bee venom ,Prophylactic corticosteroids ,Prophylactic antihistamines ,Protective clothing ,Prophylactic montelukast ,,,,1,Venom immunotherapy is the most effective way to prevent future anaphylaxis after insect sting.,Immunology,"Anaphylaxis,Bee sting,Venom immunotherapy,Desensitisation,Tryptase,2016 Feb CA",,,
143,27 year old male with X linked agammaglobulinaemia exposed to chickenpox 2 days ago. What should you do next? ,Varicella serology ,Observe ,Oral acyclovir ,Varicella immunoglobulin ,Vaccination ,,,,4,XLA patients require passive immunisation with varicella immunoglobulin after exposure.,Immunology,"XLA,Varicella,Immunoglobulin,Exposure,Primary immunodeficiency,2016 Feb CA",,,
144,An 18 year old female presents with a third episode of Neisseria bacteraemia. Which deficiency is likely? ,Severe combined immunodeficiency SCID ,Common variable immunodeficiency CVID ,Properdin deficiency ,C3 deficiency ,Membrane attack complex C5 to C9 deficiency ,,,,5,Recurrent Neisseria infections are classically due to terminal complement deficiency affecting MAC formation.,Immunology,"Complement deficiency,Neisseria,MAC,C5 C9,Recurrent infection,2016 Feb CA",,,
145,Patients being commenced on azathioprine now often have TPMT levels (thiopurine methyltransferase) tested. Those who are poor metabolisers can have build up of metabolites 6-thioguanine (6-TG) and 6-methylmercaptopurine (6-MMP). This can result in detrimental effects due to: ,CYP450 induction ,Bone marrow suppression ,Rash ,Seizures ,Confusion ,,,,2,"Azathioprine is inactivated via TPMT. Patients with low or absent TPMT activity accumulate toxic thioguanine metabolites, which damage rapidly dividing marrow precursors and cause potentially severe myelosuppression with leukopenia, anaemia, and thrombocytopenia.",Pharmacology,"Azathioprine,TPMT,Thiopurine toxicity,Bone marrow suppression,Myelosuppression,2017 Feb MS",,,
146,What does rheumatoid factor bind to? ,ANCA ,Macrophages ,Fc portion of IgG ,IgM ,Fab portion of IgG ,,,,3,Rheumatoid factor is usually an IgM autoantibody directed against the Fc portion of IgG. This promotes immune complex formation and contributes to synovial inflammation in rheumatoid arthritis.,Rheumatology,"Rheumatoid factor,Fc portion of IgG,Autoantibody,Immune complexes,Rheumatoid arthritis,2017 Feb MS",,,
147,What is the main cell type involved in sarcoid granuloma? ,T cell ,Macrophage ,Neutrophil ,Platelet ,B cell ,,,,2,"Sarcoid granulomas are composed mainly of activated macrophages that become epithelioid histiocytes and giant cells. CD4 positive T cells drive the process, but macrophages are the main structural cell within the granuloma.",Respiratory,"Sarcoidosis,Granuloma,Macrophage,Epithelioid histiocyte,Non-caseating granuloma,2017 Feb MS",,,
148,Dust mite desensitization works best for allergy that is associated with: ,Dust mite anaphylaxis ,Allergic rhinitis ,Eczema ,Allergic asthma ,Chronic urticaria ,,,,2,"House dust mite immunotherapy is best established for IgE mediated allergic rhinitis. It can also help selected patients with allergic asthma, but rhinitis is the classic and most reliable indication; eczema and chronic urticaria are much less predictably responsive.",Immunology,"Dust mite,Desensitization,Immunotherapy,Allergic rhinitis,IgE mediated allergy,2017 Feb MS",,,
149,A patient with HIV is on Tenofovir. He is found to have proteinuria and glycosuria on urinalysis. Diagnosis of Tenofovir-related Fanconi syndrome would be most consistent with: ,Hypokalaemia ,Hypomagnesaemia ,Hypoglycaemia ,Hypouricaemia ,Hypocalcaemia ,,,,4,"Tenofovir can cause proximal tubular dysfunction leading to Fanconi syndrome. The proximal tubule normally reabsorbs urate, glucose, phosphate, bicarbonate, and amino acids, so injury causes urinary wasting and is classically associated with hypouricaemia.",Infectious Diseases,"Tenofovir,Fanconi syndrome,Proximal tubule,Hypouricaemia,HIV,2017 Feb MS",,images/q0010.png,https://www.youtube.com/watch?v=PyJCf10vKLQ
150,What immunoglobulin activates complement the most? ,IgG ,IgA ,IgD ,IgE ,IgM ,,,,5,"IgM is the most efficient activator of the classical complement pathway because its pentameric structure allows a single antigen-bound IgM molecule to bind C1q and trigger the cascade. IgG can also activate complement, but usually requires multiple adjacent molecules.",Immunology,"IgM,Complement,Classical pathway,C1q,Immunoglobulins,2017 Feb MS",,,
151,What cells of the immune system are most important for killing of intracellular pathogens? ,B cells ,T cells ,NK cells ,Macrophages ,,,,,2,"Cell mediated immunity is key for intracellular pathogens. CD8 cytotoxic T cells kill infected host cells, while Th1 cells activate macrophages to control intracellular organisms such as mycobacteria.",Immunology,"T cells,Intracellular pathogens,Cell mediated immunity,CD8,Th1,2017 Feb MS",,,
152,Which of the following best describes the mechanism of action of glucocorticoids? ,Inhibition of calcineurin ,Binding to FKBP12 ,Inhibition of inosine monophosphate dehydrogenase ,Inhibition of transcription of pro-inflammatory cytokines ,Depletion of CD52-positive cells ,,,,4,"Glucocorticoids bind intracellular glucocorticoid receptors and alter gene transcription. They suppress transcription of multiple pro-inflammatory cytokines including IL-1, IL-2, and TNF-alpha, producing broad anti-inflammatory and immunosuppressive effects.",Pharmacology,"Glucocorticoids,Mechanism of action,Cytokines,Transcription,Immunosuppression,2017 Feb MS",,,
153,Which of the following best describes the mechanism of action of mycophenolate mofetil? ,Inhibition of calcineurin ,Binding to FKBP12 ,Inhibition of inosine monophosphate dehydrogenase ,Inhibition of transcription of pro-inflammatory cytokines ,Depletion of CD52-positive cells ,,,,3,"Mycophenolate inhibits inosine monophosphate dehydrogenase, blocking de novo guanine synthesis. Because activated lymphocytes rely heavily on this pathway, it selectively reduces T and B cell proliferation.",Pharmacology,"Mycophenolate mofetil,IMPDH,Purine synthesis,Lymphocyte proliferation,Immunosuppression,2017 Feb MS",,,
154,What is most often the first presentation of AA amyloidosis? ,Renal ,Cardiovascular ,Macroglossia ,Skin ,Neurological ,,,,1,"AA amyloidosis most often first presents with renal disease, especially proteinuria that may become nephrotic range, followed by progressive renal impairment. Macroglossia and marked cardiac involvement are much more typical of AL rather than AA amyloid.",Rheumatology,"AA amyloidosis,Renal,Proteinuria,Nephrotic syndrome,Amyloid,2017 Feb CA",,,
155,A medical student asks you about whether she can take the annual influenza vaccine. As a child she ate scrambled eggs and developed lip swelling and local urticaria. Since then she has avoided all raw or cooked eggs but has eaten eggs in baked goods such as cakes. What do you advise her? ,She can never have the influenza vaccine ,She can have the influenza vaccine ,She must have skin prick testing against egg white ,She should have 1/10 dose of the influenza vaccine ,She should receive the vaccine under observation in a hospital setting ,,,,2,"Influenza vaccination is safe in patients with egg allergy, including those with previous urticaria or angioedema after egg exposure. Routine skin testing, split dosing, or hospital observation is not required in most cases.",Immunology,"Influenza vaccine,Egg allergy,Vaccination,Allergy,Immunisation,2017 Feb CA",,,
156,"A Turkish lady presents with mouth ulcers, sore eyes. Cannot recall further info. Her condition is most likely consistent with? ",Behcet’s disease ,Apthous ulcer ,Herpes simplex infection ,Systemic lupus erythematosus ,,,,,1,A patient from a Mediterranean background with recurrent oral ulcers and eye involvement is highly suggestive of Behçet’s disease. Behçet’s classically causes recurrent oral and genital ulceration with uveitis due to a multisystem vasculitic process.,Rheumatology,"Behcets disease,Oral ulcers,Uveitis,Mediterranean,Vasculitis,2017 Feb CA",,,
157,"A man presents with abdominal pain and haematuria, foot drop, and a lace-like rash on his lower limbs. He is found on abdominal angiography to have multiple aneurysms within the abdomen. What would you expect to find on his blood tests? ",Rheumatoid factor ,P-ANCA ,C-ANCA ,No antibodies ,dsDNA ,,,,4,"This is classic polyarteritis nodosa with medium vessel disease causing mesenteric or renal ischaemia, mononeuritis multiplex, livedo reticularis, and microaneurysms. PAN is characteristically ANCA negative, so no specific autoantibodies are expected.",Rheumatology,"Polyarteritis nodosa,PAN,ANCA negative,Medium vessel vasculitis,Microaneurysms,2017 Feb CA",,,
158,"A man with previous AV repair for a biscuspid aortic valve. In childhood he had a reaction to amoxicillin, manifesting as urticaria and a rash. He has avoided amoxicillin and any penicillins since. He now requires a dental procedure which needs antibiotic prophylaxis and his cardiologist would like him to be given oral penicillin if able, rather than any other option. The results of his IgE RAST are shown below: Amoxicillin IgE mildly raised Benzathine penicillin IgE 0 (undetectable) Benzylpenicillin IgE 0 (undetectable) What management should be advised? ",Give amoxicillin ,Given penicillin as planned without challenge ,Skin prick testing to penicillin ,Oral challenge to penicillin ,Penicillin desensitization ,,,,4,"Many patients with childhood penicillin allergy lose sensitisation over time. With negative benzylpenicillin and benzathine penicillin IgE and only mildly raised amoxicillin IgE, the best way to confirm or exclude persistent allergy is a supervised oral penicillin challenge, which is the diagnostic gold standard in a low risk patient.",Immunology,"Penicillin allergy,Oral challenge,Drug allergy,IgE,Amoxicillin,2017 Feb CA",,,
159,What is the main purpose of somatic hypermutation in B cells? ,Deletion of autoreactive B cells. ,Expression of class II MHC. ,Generation of receptor diversity. ,Induction of anergy. ,Selection of high affinity B cells. ,,,,5,"Somatic hypermutation introduces point mutations into the variable regions of immunoglobulin genes in germinal centre B cells, generating clones with varying antigen affinity. These clones are then selected, with high-affinity B cells surviving and expanding while low-affinity cells undergo apoptosis. The net effect is affinity maturation, producing antibodies that bind antigen more effectively over time.",Immunology,"Somatic hypermutation,Affinity maturation,B cells,Germinal centre,Antibody affinity,2018 Feb MS",,,
160,Tenofovir disoproxil fumarate is used in the management of HIV infection in combination with other antiretrovirals. What is the site of action of tenofovir in the HIV life cycle? ,HIV binding and entry of cells. ,HIV protease activity. ,HIV reverse transcriptase activity. ,HIV viral assembly. ,Integration of HIV DNA. ,,,,3,"Tenofovir is a nucleotide reverse transcriptase inhibitor that is incorporated into viral DNA during reverse transcription, causing chain termination and preventing conversion of viral RNA into DNA. This blocks an early and essential step in the HIV life cycle before integration into the host genome.",Infectious Diseases,"Tenofovir,NRTI,Reverse transcriptase,HIV lifecycle,Antiretroviral,2018 Feb MS",,,
161,Defects in the interleukin 12-dependent interferon gamma pathways are most likely to lead to infection with which organism? ,Candida albicans. ,Herpes simplex. ,Neisseria meningitidis. ,Non-tuberculous Mycobacterium. ,Staphylococcus aureus. ,,,,4,"The IL-12 to IFN gamma pathway is central to Th1 mediated immunity and macrophage activation against intracellular pathogens. Defects in this pathway impair macrophage killing and predispose to infections with intracellular organisms, particularly non-tuberculous mycobacteria and BCG. In contrast, Candida is linked to Th17 defects, Neisseria to complement deficiency, and Staphylococcus to neutrophil dysfunction.",Immunology,"IL12,IFN gamma,Th1,Mycobacteria,Intracellular pathogens,2018 Feb MS",,,
162,Which acute-phase protein binds to phospholipid in foreign pathogens or damaged host cells? ,C-reactive protein. ,Ceruloplasmin. ,Fibrinogen. ,Mannose-binding lectin. ,Serum amyloid A. ,,,,1,"C-reactive protein is an acute phase reactant that binds phosphocholine on microbial membranes and damaged host cells. This binding opsonises targets and activates the classical complement pathway via C1q, contributing to innate immune clearance.",Immunology,"CRP,Acute phase protein,Complement,Opsonisation,Innate immunity,2018 Feb MS",,,
163,"A 19-year-old male is currently in hospital with his third episode of lobar pneumonia due to Streptococcus pneumoniae in the last 2 years. He reports a background of chronic sinus symptoms and frequent bronchitis, and takes 4–6 courses of antibiotics per year. He also reports intermittent nonbloody diarrhoea. Preliminary screening for immunodeficiency shows low IgG low IgA normal IgM and CD19 positive cells 0. What is the most likely diagnosis? ",Common variable immunodeficiency CVID. ,IgA deficiency. ,Specific antibody deficiency. ,X-linked agammaglobulinaemia. ,X-linked hyper IgM syndrome. ,,,,4,"This patient has recurrent sinopulmonary infections with hypogammaglobulinaemia and, critically, absence of CD19 positive B cells. This indicates failure of B cell maturation due to BTK mutation, consistent with X-linked agammaglobulinaemia. CVID typically has normal or reduced B cells, while hyper IgM has elevated IgM with class switching defects.",Immunology,"XLA,BTK,B cell absence,Hypogammaglobulinaemia,Recurrent infections,2018 Feb CA",,,
164,"In addition to removing the cause, what is the immediate treatment for anaphylaxis? ",Adrenalin 0.1 mg IV. ,Adrenalin 0.5 mg IV. ,Adrenalin 0.5 mg IM. ,Adrenalin 1 mg IM. ,Adrenalin 5 mg nebulised. ,,,,3,The first line treatment for anaphylaxis is intramuscular adrenaline 0.5 mg into the anterolateral thigh. This provides rapid alpha mediated vasoconstriction to reverse hypotension and beta effects for bronchodilation. IV adrenaline is reserved for refractory cases due to risk of arrhythmia.,Immunology,"Anaphylaxis,Adrenaline,IM,Emergency,Resuscitation,2018 Feb CA",,,
165,A 42-year-old Sudanese male is diagnosed with advanced HIV with a CD4 count of 50 cells per microlitre and develops fever and cervical lymphadenopathy one month after starting antiretroviral therapy. What is the most likely cause? ,Drug reaction. ,Glandular fever. ,HIV-related lymphadenopathy. ,Immune reconstitution inflammatory syndrome IRIS. ,Sarcoidosis. ,,,,4,"This presentation is classic for immune reconstitution inflammatory syndrome, which occurs weeks after starting ART in patients with advanced HIV. As immune function recovers, an exaggerated inflammatory response occurs against latent infections such as EBV, leading to fever and lymphadenopathy.",Infectious Diseases,"IRIS,HIV,ART,Immune recovery,Lymphadenopathy,2018 Feb CA",,,
166,A 40-year-old HIV positive man with a CD4 count of 450 cells per microlitre presents with a 3 day history of fever cough sputum production and right lower lobe consolidation on chest x-ray. What is the most likely organism? ,Methicillin resistant Staphylococcus aureus. ,Mycobacterium avium complex. ,Mycobacterium tuberculosis. ,Pneumocystis jirovecii. ,Streptococcus pneumoniae. ,,,,5,"With a CD4 count above 200 this patient is relatively immunocompetent, so community acquired pneumonia pathogens predominate. The acute presentation with lobar consolidation and productive cough is most consistent with Streptococcus pneumoniae rather than opportunistic infections such as PCP or MAC.",Infectious Diseases,"HIV,Pneumonia,Streptococcus pneumoniae,CD4,Community acquired infection,2018 Feb CA",,,
167,A 31-year-old woman has a history of facial swelling with ibuprofen and aspirin. After spraining her ankle she took paracetamol 1 g four times daily and developed facial swelling. What is the best explanation for this? ,High-dose paracetamol inhibits COX-1. ,Paracetamol causes direct release of mast cell contents. ,She has an IgE-mediated reaction to an excipient common to all three medications. ,She has an underlying non-allergic condition causing angioedema. ,The paracetamol has been cross-contaminated with aspirin or ibuprofen. ,,,,1,"This represents NSAID-exacerbated angioedema due to COX-1 inhibition. Although paracetamol is usually safe, high doses can weakly inhibit COX-1 and trigger symptoms in susceptible individuals. This is a non IgE mediated cross intolerance rather than a true drug allergy.",Immunology,"NSAID,Angioedema,COX1,Paracetamol,Cross intolerance,2018 Feb CA",,,
168,Patients with drug reaction with eosinophilia and systemic symptoms DRESS syndrome are most likely to have additional involvement of which system in addition to the skin? ,Cardiovascular. ,Hepatic. ,Neurological. ,Renal. ,Respiratory. ,,,,2,"DRESS syndrome commonly involves internal organs, most frequently the liver, leading to hepatitis and markedly elevated transaminases. It can progress to liver failure, making hepatic involvement the most important systemic complication to monitor.",Immunology,"DRESS,Hepatitis,Drug reaction,Eosinophilia,Systemic involvement,2018 Feb CA",,,
169,What is the main reason why immunotherapy desensitisation is routinely offered to patients with anaphylaxis caused by insect venom but not to patients with anaphylaxis caused by food? ,Desensitisation has no effect on food allergies. ,Greater diversity of allergenic epitopes with foods. ,Oral administration is less likely to induce tolerance. ,Risk of anaphylaxis is higher with foods. ,Sustained tolerance is harder to achieve with foods. ,,,,5,"Venom immunotherapy induces durable immune tolerance through regulatory T cells and IgG4 responses, providing long term protection. In contrast food immunotherapy usually results in temporary desensitisation that requires ongoing exposure, with loss of protection if stopped and higher rates of reactions during treatment.",Immunology,"Immunotherapy,Desensitisation,Venom allergy,Food allergy,Tolerance,2018 Feb CA",,,
170,Cells with downregulation of MHC class I are best able to be detected and destroyed by which class of immune cell? ,B cell ,CD4+ T cell ,CD8+ T cell ,NK cell ,,,,,4,"Natural killer cells recognise 'missing self'. Normal cells express MHC class I which provides an inhibitory signal to NK cells. When MHC I is downregulated, as in viral infection or tumour cells, this inhibitory signal is lost, leading to NK cell activation and direct cytotoxic killing via perforin and granzyme.",Immunology,"NK cells,MHC I,Missing self,Innate immunity,Cytotoxicity,2019 Feb MS",,,
171,Interleukin-5 causes stimulation of which cell class of the innate immune system? ,Eosinophils ,T-lymphocytes ,Natural killer cells ,Neutrophils ,,,,,1,"IL-5 is the key cytokine for eosinophil growth, differentiation, activation, and survival. It is produced by Th2 cells and is central in helminth infection and allergic disease. Exam pearl: IL-5 = eosinophils; IL-4 = Th2; IL-12 = Th1; IL-15 = NK cells.",Immunology,"IL5,Eosinophils,Th2,Allergy,Helminths,2019 Feb MS",,,
172,What is the predominant cell type implicated as the cause of the acute inflammatory process in sarcoidosis? ,Monocytes ,Lymphocytes ,Macrophages ,Neutrophils ,,,,,2,"Sarcoidosis is driven by a Th1 CD4 positive T cell response. These lymphocytes release cytokines such as IFN gamma and IL-2, which activate macrophages and drive granuloma formation. Although macrophages form the granuloma, CD4 positive T cells are the key drivers of the inflammatory process.",Respiratory,"Sarcoidosis,CD4 T cells,Th1,Granuloma,Inflammation,2019 Feb MS",,,
173,What is the primary tyrosine kinase mutated in systemic mastocytosis? ,Flt ,JAK2 ,Kit ,Abl ,,,,,3,"Systemic mastocytosis is caused by a gain of function mutation in the KIT receptor tyrosine kinase, most commonly D816V. KIT signalling promotes mast cell growth and survival, and constitutive activation leads to clonal mast cell proliferation.",Haematology,"KIT,Mastocytosis,D816V,Tyrosine kinase,Mast cells,2019 Feb MS",,,
174,What is the effect of pharmacological blockade of CTLA4? ,Priming of naive T cells ,Reactivation of anergic T cells ,Induction of lymphocyte migration ,Apoptosis of Treg cells ,,,,,1,"CTLA-4 is an inhibitory receptor that competes with CD28 for B7 on antigen presenting cells. Blocking CTLA-4 removes this inhibitory signal, enhancing co-stimulation and promoting activation (priming) of naive T cells. This is the mechanism of checkpoint inhibitors such as ipilimumab.",Immunology,"CTLA4,Checkpoint inhibitor,T cell activation,Ipilimumab,Co-stimulation,2019 Feb MS",,,
175,"In a transplant setting, what happens when donor antigen presenting cell presents donor antigen to the recipient’s T cells? ",Graft versus host disease ,Acute cellular rejection ,Acute antibody-mediated rejection ,Immune tolerance ,,,,,2,"This describes direct allorecognition, where recipient T cells recognise donor MHC on donor antigen presenting cells. This leads to T cell activation and acute cellular rejection characterised by lymphocytic infiltration and tissue damage.",Immunology,"Transplant,Allorecognition,Acute rejection,T cells,Direct pathway,2019 Feb MS",,,
176,Deficiency in what molecule is generally seen in atopic dermatitis? ,Collagen ,Fillagrin ,Integrin ,Keratin ,,,,,2,"Filaggrin is essential for maintaining the skin barrier and hydration of the stratum corneum. Loss of function mutations lead to increased transepidermal water loss and enhanced allergen penetration, predisposing to atopic dermatitis.",Dermatology,"Filaggrin,Atopic dermatitis,Skin barrier,Eczema,Atopy,2019 Feb MS",,,
177,What is the most common cardiac manifestation of IgG4 disease? ,Myocarditis ,Thrombotic endocarditis ,Aortic aneurysm ,Recurrent pericarditis ,,,,,3,"IgG4-related disease causes a fibroinflammatory process with lymphoplasmacytic infiltration and storiform fibrosis. It commonly affects large vessels, leading to aortitis and progressive weakening of the vessel wall, resulting in aortic aneurysm.",Rheumatology,"IgG4,Aortitis,Aneurysm,Storiform fibrosis,Autoimmune,2019 Feb MS",,,
178,A 36 year old man presents with generalised urticaria that has been present for the past 3 days and minimally responsive to antihistamines with recent sore throat. What is the most likely diagnosis? ,Previously unrecognised food allergy ,Infection associated urticaria ,Chronic spontaneous urticaria ,Allergy to paracetamol ,,,,,2,This is acute urticaria less than 6 weeks duration with a clear recent infectious trigger. Viral or bacterial infections are a common cause of acute urticaria in adults. Chronic spontaneous urticaria requires symptoms beyond 6 weeks.,Immunology,"Urticaria,Infection,Acute urticaria,Allergy,Dermatology,2019 Feb CA",,,
179,What is the best explanation for why rituximab does not cause depletion of immunoglobulin G IgG? ,IgG has a longer half life than rituximab ,CD20 is not expressed on plasma cells ,Rituximab only targets abnormal B cells ,Memory B cells rapidly regenerate IgG after depletion ,,,,,2,"Rituximab targets CD20 on mature B cells but plasma cells do not express CD20. Since plasma cells are responsible for antibody production, they are spared, so IgG levels are relatively preserved initially.",Pharmacology,"Rituximab,CD20,Plasma cells,IgG,B cells,2019 Feb CA",,,
180,What solid organ transplant has the poorest long term survival? ,Lung ,Kidney ,Liver ,Heart ,,,,,1,"Lung transplantation has the poorest long term survival due to constant exposure to the external environment, high infection risk, and chronic rejection such as bronchiolitis obliterans syndrome.",Transplant,"Lung transplant,Survival,Chronic rejection,BOS,Infection,2019 Feb CA",,,
181,A 26 year old man treated for pneumonia develops rash hypotension and wheeze after benzylpenicillin. What is your next management? ,Hydrocortisone IV ,Antihistamine ,Adrenaline IM ,Nebulised salbutamol ,,,,,3,This is anaphylaxis with airway breathing and circulation compromise. Intramuscular adrenaline is the first line life saving treatment and should be given immediately into the anterolateral thigh. Other therapies are adjuncts.,Immunology,"Anaphylaxis,Adrenaline,Emergency,Penicillin,Allergy,2019 Feb CA",,,
182,Which disease modifying medication used to treat common autoimmune conditions has the highest risk of squamous cell carcinoma? ,Mycophenolate ,Azathioprine ,Methotrexate ,Leflunomide ,,,,,2,"Azathioprine is associated with increased risk of cutaneous squamous cell carcinoma due to photosensitisation and DNA damage in keratinocytes, particularly with long term use.",Pharmacology,"Azathioprine,SCC,Skin cancer,Immunosuppression,Photosensitivity,2019 Feb CA",,,
183,A 23 year old medical student with previous egg allergy developing rash after scrambled eggs asks about influenza vaccination. What should you advise? ,She should have skin prick testing prior to vaccination. ,She should avoid the influenza vaccination. ,She is able to have the influenza vaccination as normal. ,She should undergo egg desensitisation prior to vaccination. ,,,,,3,"Egg allergy is not a contraindication to influenza vaccination. Modern vaccines contain minimal egg protein and are safe without special precautions in almost all patients, including those with prior urticaria.",Immunology,"Influenza vaccine,Egg allergy,Vaccination,Safety,Allergy,2019 Feb CA",,,
184,In a patient already treated with prednisolone and hydroxychloroquine who continues to have active non renal systemic lupus erythematosus what is the next step in therapy? ,Azathioprine ,Mycophenolate ,Methotrexate ,Etanercept ,,,,,3,"For non renal SLE with persistent disease, methotrexate is commonly used as a steroid sparing agent, particularly for musculoskeletal and cutaneous manifestations. Etanercept is not used in SLE.",Rheumatology,"SLE,Methotrexate,Immunosuppression,Non renal lupus,Treatment,2019 Feb CA",,,
185,A patient with cirrhosis develops acute kidney injury oliguria low urinary sodium and no improvement with albumin. What is the most likely diagnosis? ,Acute tubular necrosis ,Hepatorenal syndrome ,Acute interstitial nephritis ,Glomerulonephritis ,,,,,2,Hepatorenal syndrome is a functional renal failure in advanced liver disease caused by splanchnic vasodilation and renal vasoconstriction. Features include low urinary sodium bland urine normal imaging and failure to improve with volume expansion.,Gastroenterology,"Hepatorenal syndrome,Cirrhosis,AKI,Low sodium,Renal failure,2019 Feb CA",,,
186,Which of the following organisms is capable of causing autoinfection and hyperinfection in immunocompromised patients? ,Cytomegalovirus ,Strongyloides stercoralis ,Epstein Barr virus ,Cryptococcus neoformans ,Streptococcus pneumoniae ,,,,2,Strongyloides can complete its life cycle within the host leading to autoinfection. In immunocompromised patients especially those on steroids this can progress to hyperinfection syndrome with widespread dissemination and high mortality.,Infectious Diseases,"Strongyloides,Autoinfection,Hyperinfection,Immunocompromised,Parasite,2019 Feb CA",,,
187,Which of the following organisms requires routine prophylaxis in solid organ transplant recipients regardless of donor or recipient serostatus? ,Cytomegalovirus ,Strongyloides stercoralis ,Epstein Barr virus ,Cryptococcus neoformans ,Pneumocystis jirovecii ,,,,5,Pneumocystis jirovecii prophylaxis with agents such as trimethoprim sulfamethoxazole is routinely given to all solid organ transplant recipients regardless of serostatus due to high risk of severe infection.,Infectious Diseases,"PJP,Prophylaxis,Transplant,Opportunistic infection,Immunosuppression,2019 Feb CA",,,
188,"A grandmother with rheumatoid arthritis is immunosuppressed on rituximab, methotrexate, and low-dose prednisone. She cares for her 14-month-old grandson, who is due to receive the live varicella zoster vaccine. What is the most appropriate advice? ",No precautions ,Avoid grandson if he develops a rash ,Avoid grandson for 4 weeks ,Prophylactic antivirals for 4 weeks ,,,,,2,"The live attenuated varicella vaccine has very low transmission risk. However, if the vaccinated child develops a vesicular rash, viral shedding can occur and pose a risk to immunosuppressed contacts. Therefore, routine avoidance is not required, but contact should be avoided if a rash develops. This is a key exam principle: live vaccines in contacts are generally safe, with precautions only if symptomatic transmission risk arises.",Immunology,"Varicella vaccine,Live vaccine,Immunosuppression,Transmission,Risk counselling,2020 Feb CA",,,
189,"A 46-year-old female has recurrent pancreatitis, 5 kg weight loss, lymphadenopathy, and lacrimal gland enlargement. CT shows lymphadenopathy and pancreatitis. Biopsy shows lymphoplasmacytic infiltrate with storiform fibrosis. What is the diagnosis? ",B cell lymphoma ,IgG4-related disease ,Sjögrens disease ,SLE ,,,,,2,"IgG4-related disease is a fibroinflammatory condition characterised by lymphoplasmacytic infiltration, storiform fibrosis, and multi-organ involvement including pancreas, salivary and lacrimal glands, and lymph nodes. It often mimics malignancy or autoimmune disease. The combination of pancreatitis, gland enlargement, and classic histology is highly suggestive.",Rheumatology,"IgG4 disease,Storiform fibrosis,Pancreatitis,Lacrimal gland,Autoimmune,2020 Feb CA",,,
190,A 30-year-old man presents with 6 weeks of small joint arthritis and one day of epididymo-orchitis. No recent sexual activity or travel. He has a purpuric rash. Investigations: CRP 120 ANCA negative RF negative Gonorrhoea/chlamydia PCR negative What is the most likely diagnosis? ,Adult-onset Stills disease ,Lupus ,Vasculitis ,Disseminated gonococcal infection ,,,,,4,"Disseminated gonococcal infection classically presents with arthritis, tenosynovitis, and skin lesions (often purpuric or pustular). PCR may be negative because mucosal infection may have resolved by the time of dissemination. Exam pearl: diagnosis is clinical and should not be excluded by negative swabs when the syndrome fits.",Infectious Diseases,"DGI,Gonococcal infection,Arthritis,Rash,PCR negative,2020 Feb CA",,,
191,"A patient received a cadaveric kidney transplant 3 months ago and is on prednisone, tacrolimus, and mycophenolate. He develops worsening BK viraemia. What is the most appropriate management? ",Cidofovir ,Decrease tacrolimus and mycophenolate ,Cease prednisone ,Levofloxacin ,,,,,2,"BK virus reactivation is driven by excessive immunosuppression. The cornerstone of management is reduction of immunosuppressive therapy, typically by lowering or stopping agents such as tacrolimus and mycophenolate. Antiviral therapies have limited efficacy. Key transplant principle: infection implies over-immunosuppression, whereas rejection implies under-immunosuppression.",Transplant,"BK virus,Transplant,Immunosuppression,Viraemia,Management,2020 Feb CA",,,
192,Which conventional DMARD is most associated with an increased risk of squamous cell carcinoma of the skin? ,Azathioprine ,Leflunomide ,Methotrexate ,Mycophenolate ,,,,,1,Azathioprine is associated with an increased risk of cutaneous squamous cell carcinoma due to impaired immune surveillance and photosensitisation leading to UV-induced DNA damage. This risk is particularly important in transplant and autoimmune patients and necessitates regular skin surveillance.,Pharmacology,"Azathioprine,SCC,Skin cancer,Photosensitivity,DMARD,2020 Feb CA",,,
193,The allergic reaction involved in serum sickness is primarily mediated by which of the following?,IgE,Antigen-antibody complexes,T lymphocytes,Complement activation,,,,,2,"Serum sickness is a classic type III hypersensitivity reaction mediated by circulating antigen–antibody immune complexes. These complexes deposit in tissues (e.g. vessels, joints, kidneys), activating complement and causing inflammation. While complement activation contributes to pathology, the primary mechanism is immune complex deposition. IgE is type I hypersensitivity; T cells mediate type IV reactions.",Immunology,"Type III hypersensitivity,Serum sickness,Immune complexes,Complement,Immunology,2021 Feb MS",,,
194,What is the role of C5a in the complement system?,Anaphylactoid toxin,MAC formation,Inhibit complement activation,C3 inactivation,,,,,1,"C5a is a potent anaphylatoxin and the most powerful chemotactic factor for neutrophils. It promotes mast cell degranulation, increases vascular permeability, and recruits inflammatory cells to sites of infection. MAC formation is mediated by C5b-9, not C5a. Neither inhibition of complement nor C3 inactivation are functions of C5a. Exam pearl: C3a and C5a = anaphylatoxins; C5a = strongest neutrophil chemoattractant.",Immunology,"Complement,C5a,Anaphylatoxin,Neutrophil chemotaxis,Immunology,2021 Feb MS",,,
195,What is the mechanism of action of omalizumab?,Blocks IgE from binding to mast cells and eosinophils,Blocks IgE production,CD 20 antibody,IL-5R antibody,,,,,1,"Omalizumab is a monoclonal antibody that binds circulating (free) IgE, preventing it from attaching to FcεRI receptors on mast cells and basophils. This reduces sensitisation and downstream allergic responses. It does not block IgE production (B cells still produce IgE), and is distinct from anti-CD20 (rituximab) and anti-IL5R agents (e.g. mepolizumab). High-yield: anti-IgE → prevents mast cell activation in allergic asthma.",Immunology,"Omalizumab,IgE,Monoclonal antibody,Allergy,Asthma,Immunology,2021 Feb MS",,,
196,Which of the following histological findings is most consistent with bullous pemphigoid?,Granular IgG in the cell space and basement membrane,Granular IgG in the basement membrane,Linear IgA along the basement membrane,Linear IgG along the basement membrane,,,,,4,"Bullous pemphigoid is caused by autoantibodies against hemidesmosomes at the dermal-epidermal junction, producing linear deposition of IgG and C3 along the basement membrane on immunofluorescence. In contrast, pemphigus vulgaris shows intercellular (""fishnet"") IgG deposition within the epidermis. Linear IgA suggests linear IgA dermatosis. Key exam distinction: pemphigoid = tense bullae + linear IgG; pemphigus = flaccid bullae + intercellular IgG.",Immunology,"Bullous pemphigoid,IgG,Autoimmune blistering disease,Immunofluorescence,Immunology,2021 Oct CA",,,
197,A 45-year-old female who previously developed a rash after taking amoxicillin at age 5 now has Streptococcal pneumonia. She has tolerated cephalosporins and roxithromycin without reaction. Which of the following is the best indication to de-label her as having true penicillin allergy?,Age at which the reaction occurred,Tolerance to cephalosporins,Tolerance to roxithromycin,No family history of penicillin allergy,,,,,2,"Tolerance of cephalosporins strongly suggests a low likelihood of true IgE-mediated penicillin allergy because there is partial cross-reactivity between beta-lactams. A remote, non-severe childhood rash further reduces the likelihood of true allergy. Family history is not relevant, and tolerance to unrelated antibiotics (e.g. roxithromycin) does not inform penicillin allergy. High-yield: most reported penicillin allergies are incorrect; beta-lactam tolerance supports safe de-labelling.",Immunology,"Penicillin allergy,De-labelling,Beta-lactam,Drug allergy,Antibiotics,Immunology,2021 Oct CA",,,
198,A man presents with nephritic syndrome and bilateral shin petechial rash. Renal biopsy shows a pauci-immune glomerulonephritis. What is the most likely diagnosis?,Anti-basement membrane disease,Cryoglobulinaemia,ANCA vasculitis,Infection-related glomerulonephritis,,,,,3,"Pauci-immune glomerulonephritis refers to minimal or absent immune complex deposition on immunofluorescence and is characteristic of ANCA-associated vasculitis (e.g. GPA, MPA). Anti-GBM disease shows linear IgG deposition, cryoglobulinaemia shows immune complex deposition, and infection-related GN shows granular immune complexes. High-yield: pauci-immune = ANCA vasculitis.",Renal,"Pauci-immune GN,ANCA vasculitis,Nephritic syndrome,Vasculitis,Renal,2021 Oct CA",,,
199,A patient is commenced on monthly intravenous immunoglobulin (IVIg) therapy for an antibody deficiency. How long does it typically take for serum immunoglobulin levels to reach a steady state?,1 week,1 month,2 months,4 months,12 months,,,,4,"Steady state is generally reached after about 4 to 5 half-lives. IVIg has a half-life of roughly 3 to 4 weeks in most patients, so steady-state IgG levels are usually achieved after about 4 months of regular replacement therapy. One month is too early, while 12 months is far longer than required. Exam pearl: when interpreting IVIg troughs, remember that early levels may not reflect the eventual steady-state concentration.",Immunology,"IVIg,Immunoglobulin replacement,Steady state,Half life,Antibody deficiency,Immunology,2022 Feb MS",,,
200,The allergic reaction involved in serum sickness is primarily mediated by which of the following mechanisms?,IgE-mediated mast cell activation,T-cell mediated cytotoxicity,Immune complex deposition,Complement deficiency,Direct antibody-mediated cytotoxicity,,,,3,"Serum sickness is a classic type III hypersensitivity reaction mediated by circulating immune complex deposition in tissues, leading to complement activation and inflammation. IgE-mediated mast cell activation is type I hypersensitivity, T-cell cytotoxicity is type IV, and direct antibody-mediated cytotoxicity is type II. Complement activation contributes to the pathology, but the primary mechanism is immune complex deposition.",Immunology,"Serum sickness,Type III hypersensitivity,Immune complexes,Complement,Immunology,2022 Feb MS",,,
201,Which cell type predominates in the acute phase of granuloma formation in sarcoidosis?,Neutrophils,Eosinophils,Lymphocytes,Plasma cells,Mast cells,,,,3,"Sarcoidosis is characterised by non-caseating granulomatous inflammation driven by a Th1-predominant immune response. In the acute phase, lymphocytes, particularly CD4 positive T cells, accumulate and activate macrophages that later differentiate into epithelioid histiocytes within granulomas. Neutrophils and eosinophils are not the dominant cells in typical sarcoid granuloma formation. High-yield point: sarcoidosis is a T-cell/macrophage granulomatous disease.",Immunology,"Sarcoidosis,Granuloma,Lymphocytes,Th1,CD4 T cells,Immunology,2022 Feb MS",,,
202,What is the primary immunological mechanism underlying carditis in acute rheumatic fever?,Direct bacterial invasion,Immune complex deposition,Molecular mimicry,Complement deficiency,Superantigen activation,,,,3,"Acute rheumatic fever is caused by molecular mimicry between Streptococcus pyogenes antigens and host tissues, especially cardiac myosin and valvular endothelium. The immune response generated against streptococcal antigens cross-reacts with the heart, producing carditis. This is not due to direct bacterial invasion of the myocardium. Exam pearl: rheumatic fever is a post-streptococcal autoimmune phenomenon, not an active infection.",Immunology,"Acute rheumatic fever,Carditis,Molecular mimicry,Post-streptococcal disease,Immunology,2022 Feb MS",,,
203,What is the mechanism of action of omalizumab?,Inhibits IL-5 receptor signalling,Blocks IgE binding to mast cells and basophils,Depletes B cells via CD20,Inhibits TNF-alpha,Blocks IL-4 receptor,,,,2,"Omalizumab is an anti-IgE monoclonal antibody that binds free circulating IgE and prevents it from attaching to FcεRI receptors on mast cells and basophils. This reduces sensitisation and subsequent allergic activation. It does not deplete B cells, inhibit TNF-alpha, or block IL-4 signalling. High-yield association: omalizumab is used in allergic asthma and chronic spontaneous urticaria.",Immunology,"Omalizumab,IgE,Monoclonal antibody,Allergy,Asthma,Immunology,2022 Feb MS",,,
204,Which cytokine plays a central role in the pathogenesis of familial Mediterranean fever?,Interleukin-2,Interleukin-4,Interleukin-6,Interleukin-10,Interleukin-1,,,,5,"Familial Mediterranean fever is an autoinflammatory disorder driven by dysregulated inflammasome activation, leading to excess interleukin-1 production. This is why IL-1 blockade with agents such as anakinra can be effective in resistant disease. IL-2 and IL-4 are more relevant to adaptive lymphocyte responses, while IL-10 is anti-inflammatory. Exam pearl: periodic fever syndromes are highly associated with IL-1 biology.",Immunology,"Familial Mediterranean fever,IL-1,Autoinflammatory disease,Inflammasome,Immunology,2022 Feb MS",,,
205,Which of the following immunoglobulin components undergoes VJ recombination rather than VDJ recombination?,Heavy chain variable region,Kappa/Lambda light chain,T-Cell Receptor,Constant region,J chain,,,,2,"Immunoglobulin light chains undergo VJ recombination because they contain variable and joining segments but no diversity segment. Heavy chains undergo VDJ recombination. Both kappa and lambda light chains use VJ recombination. Constant regions do not undergo recombination of this type, and the J chain is a separate polypeptide involved in polymeric IgA and IgM. High-yield: heavy chain = VDJ, light chain = VJ.",Immunology,"VJ recombination,VDJ recombination,B cell development,Immunoglobulin,Kappa light chain,Immunology,2022 Feb MS",,,
206,"Dupilumab targets the IL-4 receptor alpha subunit. In addition to IL-4 signalling, which other cytokine pathway is inhibited?",IL-2,IL-5,IL-6,IL-13,IL-17,,,,4,"Dupilumab blocks the IL-4 receptor alpha subunit, which is shared by both the IL-4 and IL-13 signalling pathways. This reduces type 2 inflammation and explains its efficacy in atopic dermatitis, asthma, and chronic rhinosinusitis with nasal polyposis. It does not directly block IL-5, IL-6, or IL-17. Exam pearl: IL-4 receptor alpha blockade inhibits both IL-4 and IL-13.",Immunology,"Dupilumab,IL-4 receptor alpha,IL-13,Type 2 inflammation,Immunology,2022 Feb MS",,,
207,Which immunoglobulin isotype is most commonly involved in autoimmune diseases?,IgA,IgD,IgE,IgG,IgM,,,,4,"IgG is the immunoglobulin isotype most commonly involved in autoimmune disease. It is the principal isotype in many pathogenic autoantibodies, including those seen in systemic lupus erythematosus, myasthenia gravis, autoimmune haemolytic anaemia, and pemphigus vulgaris. IgM can also be pathogenic in some settings, but IgG is the dominant class in established systemic and organ-specific autoimmunity. High-yield: class-switched, high-affinity IgG autoantibodies are central to many autoimmune disorders.",Immunology,"Autoimmunity,IgG,Autoantibodies,Immunology,2022 Feb MS",,,
208,Which of the following malignancies is most commonly associated with primary immunodeficiency disorders?,Adenocarcinoma,Squamous cell carcinoma,Lymphoma,Melanoma,Sarcoma,,,,3,"Lymphoma is the malignancy most strongly associated with primary immunodeficiency disorders, particularly those involving impaired immune surveillance, chronic antigenic stimulation, or defective lymphocyte regulation. Both B-cell and, less commonly, T-cell lymphomas may occur. This association is especially important in disorders such as CVID, Wiskott-Aldrich syndrome, and X-linked lymphoproliferative disease. Exam pearl: immunodeficiency and lymphoma are a classic association.",Immunology,"Primary immunodeficiency,Lymphoma,Malignancy,CVID,Immune surveillance,Immunology,2022 Feb MS",,,
209,Dupilumab is an IL-4 receptor alpha subunit antagonist. What other cytokine pathway is also inhibited?,IL-5,IL-17,IL-22,IL-13,,,,,4,"Dupilumab blocks the IL-4 receptor alpha subunit, which is shared by both IL-4 and IL-13 signalling pathways. This inhibits type 2 inflammation and is key to its role in atopic dermatitis and asthma. It does not directly affect IL-5 (eosinophils), IL-17 (Th17), or IL-22. High-yield: IL-4 receptor alpha blockade inhibits both IL-4 and IL-13.",Immunology,"Dupilumab,IL-4 receptor alpha,IL-13,Type 2 inflammation,Immunology,2023 Feb MS",,,
210,A 23-year-old woman with a childhood history of atopic dermatitis presents with a 2-month history of redness and itchiness over her earlobes and abdomen where it contacts a jean stud. A diagnosis of nickel allergy is suspected. How is this type of hypersensitivity mediated?,Cytotoxic,Cell mediated,IgE mediated,Immune complex mediated,,,,,2,"Nickel allergy causes contact dermatitis, which is a type IV hypersensitivity reaction mediated by T cells. Sensitised T lymphocytes recognise antigen and release cytokines, leading to local inflammation. This is delayed (48–72 hours). Cytotoxic (type II) and immune complex (type III) are antibody-mediated, while IgE-mediated is type I hypersensitivity. High-yield: contact dermatitis = type IV = T-cell mediated.",Immunology,"Type IV hypersensitivity,Contact dermatitis,Nickel allergy,T cells,Immunology,2023 Feb MS",,,
211,"When interpreting an antinuclear antibody (ANA) test, what is the significance of a positive dense fine speckled pattern with positive DFS70 on confirmatory testing?",False negative dsDNA result is likely,Further testing with myositis-specific autoantibodies is indicated,The ANA result is likely a false positive due to antimitochondrial antibodies,Underlying autoimmune connective tissue disease is unlikely,,,,,4,"A dense fine speckled ANA pattern with anti-DFS70 antibodies is commonly seen in healthy individuals and is generally not associated with systemic autoimmune rheumatic disease. In isolation, it suggests that an underlying connective tissue disease is unlikely. It does not indicate dsDNA issues or antimitochondrial antibodies. High-yield: isolated DFS70 positivity is reassuring and often represents a false-positive ANA in clinical practice.",Immunology,"ANA,DFS70,Autoimmune disease screening,False positive,Immunology,2023 Feb MS",,,
212,Which of the following cells is primarily responsible for antigen presentation to naive T cells?,Macrophages,B lymphocytes,Dendritic cells,Neutrophils,Natural killer cells,,,,3,"Dendritic cells are the most effective antigen-presenting cells for activating naive T cells. They capture antigens in peripheral tissues and migrate to lymph nodes, where they present peptides via MHC molecules with co-stimulatory signals. Macrophages and B cells can present antigen but are more involved in activating memory T cells. Neutrophils and NK cells do not function as primary antigen-presenting cells. High-yield: dendritic cells = key initiators of adaptive immunity.",Immunology,"Dendritic cells,Antigen presentation,Naive T cells,MHC,Immunology,2023 Feb MS",,,
213,"A patient is exposed to nickel by wearing a ring, leaving a rash over the affected area. What is the type of hypersensitivity?",Cell mediated,Immune complex,Antibody mediated,Histamine mediated,,,,,1,"Nickel contact dermatitis is a type IV hypersensitivity reaction mediated by T lymphocytes. It is a delayed reaction occurring 48–72 hours after exposure. Immune complex reactions are type III, antibody-mediated cytotoxicity is type II, and histamine-mediated reactions are type I hypersensitivity. High-yield: contact dermatitis = delayed, T-cell mediated (type IV).",Immunology,"Type IV hypersensitivity,Contact dermatitis,Nickel,T cell mediated,Immunology,2023 Feb CA",,,
214,A 25-year-old female develops vaccine-induced immune thrombotic thrombocytopenia following COVID-19 vaccination. What autoantibody is most likely to be present?,Glycoprotein IIb/IIIa,Glycoprotein Ib/IX,Platelet factor 4,Lupus anticoagulant,,,,,3,"Vaccine-induced immune thrombotic thrombocytopenia (VITT) is caused by antibodies against platelet factor 4 (PF4), similar to heparin-induced thrombocytopenia. These antibodies activate platelets, leading to thrombosis and thrombocytopenia. Glycoprotein antibodies are seen in ITP, and lupus anticoagulant is associated with antiphospholipid syndrome. High-yield: VITT = anti-PF4 antibodies without heparin exposure.",Haematology,"VITT,PF4,Thrombocytopenia,COVID vaccine,HIT,Haematology,2023 Feb CA",,,
215,"In human leukocyte adhesion deficiency, infections are due to deficiency of tissue levels of which immune cell?",B cells,Eosinophils,Neutrophils,Natural killer cells,,,,,3,"Leukocyte adhesion deficiency is caused by defective integrins (e.g. CD18), preventing neutrophils from adhering to endothelium and migrating into tissues. As a result, circulating neutrophils are high, but tissue neutrophils are deficient, leading to recurrent bacterial infections without pus formation. High-yield: LAD = impaired neutrophil migration → recurrent infections with high blood neutrophils but low tissue presence.",Immunology,"Leukocyte adhesion deficiency,Neutrophils,Integrins,CD18,Immunology,2023 Feb CA",,,
216,A 28-year-old female develops anaphylaxis after exposure to peanuts. What medication is used to prevent a biphasic reaction?,Cetirizine,Adrenaline,Montelukast,Prednisolone,,,,,4,"Corticosteroids such as prednisolone are used to reduce the risk of biphasic anaphylactic reactions, although evidence is limited. Adrenaline is first-line for acute management but does not prevent biphasic reactions. Antihistamines (cetirizine) help symptoms but do not prevent recurrence, and montelukast is not used acutely. High-yield: adrenaline = immediate treatment; steroids = prevention of biphasic reaction.",Immunology,"Anaphylaxis,Biphasic reaction,Prednisolone,Adrenaline,Allergy,Immunology,2023 Feb CA",,,
217,Which of the following primary immunodeficiencies is most strongly associated with recurrent infections by catalase-positive organisms?,Common variable immunodeficiency,Chronic granulomatous disease,C5 deficiency,Hyper IgE syndrome,IFN-gamma receptor deficiency,Idiopathic CD4 lymphopenia,Wiskott-Aldrich syndrome,X-linked lymphoproliferative disorder,2,"Chronic granulomatous disease is caused by a defect in NADPH oxidase, impairing the respiratory burst in phagocytes. This leads to inability to kill catalase-positive organisms, which degrade hydrogen peroxide and evade killing. Common organisms include Staphylococcus aureus and Aspergillus. High-yield: CGD = catalase-positive infections due to defective oxidative burst.",Immunology,"Chronic granulomatous disease,Catalase positive,NADPH oxidase,Phagocyte defect,Immunology,2023 Feb CA",,,
218,Which of the following primary immunodeficiencies is most strongly associated with recurrent infections by Neisseria meningitidis?,Common variable immunodeficiency,Chronic granulomatous disease,C5 deficiency,Hyper IgE syndrome,IFN-gamma receptor deficiency,Idiopathic CD4 lymphopenia,Wiskott-Aldrich syndrome,X-linked lymphoproliferative disorder,3,"Terminal complement deficiencies (C5–C9) impair formation of the membrane attack complex, which is essential for killing Neisseria species. As a result, patients have recurrent Neisseria meningitidis infections. Other immunodeficiencies predispose to different pathogens. High-yield: recurrent Neisseria = think terminal complement deficiency.",Immunology,"Complement deficiency,C5,Neisseria meningitidis,MAC,Immunology,2023 Feb CA",,,
219,Clozapine therapy may be complicated by myocarditis. What is the predominant cellular infiltrate seen in clozapine-associated myocarditis?,Eosinophils,Giant cells,Lymphocytes,Neutrophils,,,,,1,"Clozapine-associated myocarditis is classically a hypersensitivity-type myocarditis with a prominent eosinophilic infiltrate, making eosinophils the best answer. It usually occurs early after starting clozapine, often within the first 2-4 weeks. The clinical picture may initially be non-specific, with fever, persistent tachycardia, fatigue or chest discomfort, followed by a rise in inflammatory and myocardial injury markers such as CRP and troponin. Eosinophilia may occur but is not sufficiently sensitive to exclude myocarditis if absent. The key RACP association is therefore: new systemic symptoms or unexplained tachycardia soon after clozapine initiation + raised troponin/CRP = consider clozapine myocarditis and stop the drug while urgently assessing cardiac involvement.",Cardiology,"Clozapine,Myocarditis,Eosinophils,Cardiology,2020 Feb MS",,,
220,"A patient with urosepsis has a prolonged QTc around 550 ms due to methadone/opioid replacement. Blood cultures grow E. coli sensitive to amoxicillin, cephalexin, ciprofloxacin and nitrofurantoin. Which antibiotic will further prolong QTc / is most associated with QT prolongation?",Amoxicillin,Cephalexin,Ciprofloxacin,Nitrofurantoin,,,,,3,"Ciprofloxacin is the relevant QT-prolonging antibiotic. Fluoroquinolones can inhibit cardiac repolarising potassium currents, particularly the rapid delayed rectifier current (IKr), delaying phase 3 repolarisation and prolonging the QT interval. The clinical concern is progression to early after-depolarisations and torsades de pointes, especially when several risk factors coexist. In this stem the QTc is already markedly prolonged at about 550 ms and methadone is another important QT-prolonging drug, so adding ciprofloxacin increases risk further. Amoxicillin, cephalexin and nitrofurantoin are not major QT-prolonging agents. High-yield prescribing pearl: macrolides and fluoroquinolones are common antimicrobial causes of QT prolongation, and risk is amplified by hypokalaemia, hypomagnesaemia, bradycardia, structural heart disease and concomitant QT-prolonging medications.",Cardiology,"QT prolongation,Ciprofloxacin,Fluoroquinolones,Torsades,Cardiology,2020 Feb MS",,,
221,B-type natriuretic peptide is commonly measured in heart failure. In which patient group/condition is BNP less sensitive for diagnosing heart failure?,Advanced age,Chronic kidney disease,Obesity,Sepsis,,,,,3,"Obesity is associated with disproportionately low BNP and NT-proBNP concentrations for the degree of cardiac dysfunction, so natriuretic peptides are less sensitive for heart failure in obese patients. BNP is released predominantly from ventricular myocardium in response to wall stress and volume/pressure loading; low values are normally useful for excluding heart failure, but an unexpectedly low result in obesity should be interpreted cautiously. By contrast, advanced age and chronic kidney disease tend to increase natriuretic peptide concentrations, reducing specificity rather than sensitivity. Sepsis and other acute illnesses can also elevate BNP independently of primary heart failure. RACP pearl: obesity can give a falsely reassuring BNP, whereas renal failure and age commonly give a falsely high BNP.",Cardiology,"BNP,Obesity,Heart failure,Natriuretic peptides,Cardiology,2020 Feb MS",,,
222,Which amyloid cardiomyopathy has the worst prognosis if untreated?,AL amyloid,AA amyloid,Transthyretin amyloid,A-beta / other amyloid,,,,,1,"AL (light-chain) amyloidosis has the worst untreated cardiac prognosis. In AL amyloidosis, monoclonal immunoglobulin light chains produced by a plasma-cell clone deposit in the myocardium, but the circulating light chains also appear to have direct cardiotoxic effects. Consequently, cardiac involvement may progress rapidly to restrictive physiology, low-output heart failure and arrhythmia. ATTR cardiomyopathy can also cause severe restrictive cardiomyopathy but is generally more indolent. A crucial clinical distinction is that suspected cardiac amyloid must be screened for AL disease with serum free light chains plus serum and urine immunofixation; if no monoclonal protein is present, bone scintigraphy can support ATTR cardiomyopathy without biopsy in the appropriate setting. High-yield clue: increased ventricular wall thickness with low ECG voltages, biatrial enlargement and apical sparing on strain should raise suspicion for cardiac amyloidosis.",Cardiology,"Cardiac amyloidosis,AL amyloid,ATTR,Heart failure,Cardiology,2020 Feb MS",,,
223,Acute rheumatic fever is a non-suppurative complication of group A streptococcal infection. Which ECG change can be used to support the diagnosis?,Prolonged QRS duration,Prolonged PR interval,Shortened PR interval,Anterolateral T-wave inversion / ST depression / QT prolongation,,,,,2,"A prolonged PR interval is a minor Jones criterion for acute rheumatic fever, provided it is not better explained by another cause. It reflects involvement of the cardiac conduction system during rheumatic carditis. Acute rheumatic fever is an immune-mediated complication of group A streptococcal infection caused by molecular mimicry rather than direct bacterial invasion of the heart. The diagnosis requires evidence of preceding streptococcal infection together with the Jones major/minor criteria. High-yield distinction: carditis is a major criterion, whereas PR prolongation itself is only a minor criterion and should not be double-counted if carditis is already being used to satisfy the criteria.",Cardiology,"Acute rheumatic fever,PR prolongation,Jones criteria,Carditis,Cardiology,2020 Feb MS",,,
224,A patient has chest pain/inferior MI and hypotension with raised JVP and echo evidence of right ventricular dysfunction or right/inferior wall hypokinesis. What is the best immediate management step to improve blood pressure?,IV fluids,Dobutamine,PCI,GTN / intra-aortic balloon pump,,,,,1,"This is a right ventricular infarction, classically associated with an inferior MI due to proximal RCA occlusion. The right ventricle is failing, so forward flow through the pulmonary circulation falls and LV filling becomes critically preload dependent. This produces the characteristic combination of hypotension, raised JVP and often relatively clear lungs. A cautious IV fluid bolus is therefore the best immediate measure to increase RV preload and improve cardiac output. Nitrates, aggressive diuresis and other preload-reducing drugs can precipitate profound hypotension and should be avoided. Dobutamine may be required if shock persists despite adequate filling, but restoring preload comes first. Definitive STEMI treatment remains urgent reperfusion, usually PCI. Exam pearl: inferior MI + hypotension + raised JVP + clear lungs = think RV infarction and give cautious fluids.",Cardiology,"Right ventricular infarction,Inferior MI,Preload,IV fluids,Cardiology,2020 Feb CA",,,
225,Carcinoid syndrome can cause heart failure. What is the mechanism/pathogenesis of the heart failure?,Cardiomyopathy,Pericardial effusion,Valvular heart disease,Ischaemic/coronary atherosclerotic disease,,,,,3,"Carcinoid heart disease causes heart failure through valvular heart disease. Serotonin and other vasoactive mediators released by a neuroendocrine tumour produce plaque-like fibrous deposits on the endocardial surfaces of the valves. Because these mediators are normally metabolised in the lungs, the right side of the heart is predominantly affected: the classic lesions are tricuspid regurgitation and pulmonary valve stenosis/regurgitation, eventually causing right-sided heart failure. Left-sided valve disease is unusual and should suggest very high mediator levels, a bronchial carcinoid or a right-to-left shunt that allows mediators to bypass pulmonary metabolism. The key RACP association is therefore carcinoid syndrome -> fibrotic right-sided valvular disease rather than a primary cardiomyopathy.",Cardiology,"Carcinoid heart disease,Valvular disease,Tricuspid regurgitation,Pulmonary stenosis,Cardiology,2020 Feb CA",,,
226,Ebstein anomaly/Ebstein abnormality affects which cardiac valve?,Tricuspid,Pulmonary,Mitral,Aortic,,,,,1,"Ebstein anomaly is a congenital abnormality of the tricuspid valve. There is apical displacement of the septal and posterior tricuspid leaflets, causing part of the anatomical right ventricle to become functionally incorporated into the right atrium (""""atrialisation"""" of the RV). The result is often significant tricuspid regurgitation, right atrial enlargement and variable right ventricular dysfunction. Ebstein anomaly is also strongly associated with accessory pathways and supraventricular tachyarrhythmias, particularly Wolff-Parkinson-White syndrome. Exam pearl: Ebstein = tricuspid valve + atrialised RV + WPW association.",Cardiology,"Ebstein anomaly,Tricuspid valve,Congenital heart disease,WPW,Cardiology,2020 Feb CA",,,
227,Increased lipoprotein(a) levels are associated with increased cardiovascular events. What is the major determinant of lipoprotein(a) levels?,Apo(a) receptor function,Dietary intake,Hepatic synthesis / LPA-related production,Plasma LDL/LDH levels,,,,,3,"Lipoprotein(a) concentration is predominantly genetically determined by the LPA gene, which determines apo(a) structure and hepatic production. This is why Lp(a) levels are relatively stable throughout adult life and are only modestly influenced by diet, exercise or conventional lifestyle modification. Lp(a) resembles an LDL particle with apolipoprotein(a) attached to apoB-100 and is independently associated with atherosclerotic cardiovascular disease and calcific aortic valve disease. The practical RACP pearl is that Lp(a) is best thought of as an inherited risk enhancer: measuring it once can be useful in premature or otherwise unexplained ASCVD, strong family history, or when refining cardiovascular risk.",Cardiology,"Lipoprotein(a),LPA,Atherosclerosis,Cardiovascular risk,Cardiology,2020 Feb CA",,,
228,"A patient with hypertrophic cardiomyopathy is in cardiogenic shock: sinus rhythm around 105/min, BP about 85/55-60, hypoxaemia, normal LV systolic function, severe LV outflow tract obstruction and systolic anterior motion of the mitral valve. Apart from cautious IV fluids, which pharmacological therapy is most appropriate?",Dobutamine,Adrenaline,Beta blocker,GTN infusion,,,,,3,"This patient has obstructive hypertrophic cardiomyopathy with systolic anterior motion (SAM) of the mitral valve causing dynamic LV outflow tract obstruction. The obstruction becomes worse when the ventricle is smaller or contracts more vigorously. Management therefore follows a useful physiological rule: increase preload, maintain/increase afterload, slow the heart rate, reduce contractility and preserve sinus rhythm. A beta blocker is appropriate because it slows heart rate, prolongs diastolic filling and reduces contractility, thereby reducing the LVOT gradient. Dobutamine and adrenaline increase contractility and can worsen obstruction; GTN reduces preload/afterload and can also cause deterioration. If vasopressor support is required, a predominantly alpha-agonist such as phenylephrine is attractive because it raises afterload without beta-1 stimulation. Exam pearl: shock + HCM/LVOTO is almost the opposite of routine systolic cardiogenic shock management-avoid inotropes and vasodilators where possible.",Cardiology,"Hypertrophic cardiomyopathy,LVOT obstruction,SAM,Beta blocker,Cardiogenic shock,Cardiology,2020 Feb CA",,,
229,"A patient presents with chest pain/palpitations. On examination there is variable intensity of the first heart sound, and the ECG variant shows an inferior STEMI/complete heart block pattern. What explains the variable intensity of S1?",Right ventricular inferior wall hypokinesis,AV dissociation,Right conduction block,Pericardial effusion,,,,,2,"Variable intensity of the first heart sound is explained by AV dissociation. In complete heart block, the atria and ventricles depolarise independently, so the timing between atrial contraction and ventricular systole varies from beat to beat. The mitral and tricuspid valves are therefore at different positions when ventricular systole begins, producing a variable S1 intensity. This is a classic bedside clue to complete heart block, alongside cannon A waves when the atria contract against closed AV valves. Inferior MI is particularly relevant because RCA infarction can compromise AV nodal blood supply and produce complete heart block.",Cardiology,"Complete heart block,AV dissociation,S1,Inferior MI,Cardiology,2020 Feb CA",images/q0011.png,,
230,A patient with a prosthetic aortic valve and no penicillin allergy is undergoing dental extraction. What prophylaxis is appropriate?,Amoxicillin and clavulanate,Amoxicillin and metronidazole,Amoxicillin monotherapy,No prophylaxis,,,,,3,"A prosthetic cardiac valve places the patient in a high-risk group for adverse outcomes from infective endocarditis. For an invasive dental procedure involving gingival manipulation or disruption of oral mucosa, antibiotic prophylaxis is therefore appropriate. In a patient without penicillin allergy, amoxicillin monotherapy is the standard choice; broader therapy with clavulanate or metronidazole is unnecessary because this is prophylaxis against oral flora rather than treatment of an established polymicrobial infection. High-yield principle: IE prophylaxis is restricted to selected high-risk cardiac conditions and selected dental procedures-it is not routinely given to everyone with native valve disease.",Cardiology,"Infective endocarditis prophylaxis,Prosthetic valve,Dental procedure,Amoxicillin,Cardiology,2020 Feb CA",,,
231,"In the general population, how is cardiovascular disease/risk/events related to blood pressure?",Linear curve,J-shaped curve,Exponential curve,U-shaped curve,,,,,1,"In the general population, cardiovascular risk rises continuously and approximately log-linearly as blood pressure increases. There is no sharp threshold at which hypertension suddenly becomes harmful; rather, progressively higher systolic and diastolic pressures are associated with progressively greater risks of stroke, coronary disease, heart failure and chronic kidney disease. A J-shaped relationship is sometimes discussed in treated patients with established vascular disease, where very low pressures may compromise perfusion, but that is not the fundamental population relationship being tested here. RACP pearl: treatment thresholds are pragmatic clinical cut-offs imposed on a continuous biological risk relationship.",Cardiology,"Blood pressure,Cardiovascular risk,Hypertension,Epidemiology,Cardiology,2020 Feb CA",,,
232,A woman presents with palpitations. Her baseline ECG is sinus rhythm. During palpitations the ECG shows a regular narrow-complex tachycardia at about 150/min with flutter waves most obvious in V1. What is the rhythm?,Sinus tachycardia,AVNRT,Atrial flutter,Multifocal atrial tachycardia,,,,,3,"This is atrial flutter, most likely with 2:1 AV conduction. Typical atrial flutter has an atrial rate around 300/min; when every second atrial impulse conducts through the AV node, the ventricular rate is therefore close to 150/min. Flutter waves may be subtle when buried within the QRS/T complexes and are often best appreciated in V1 and the inferior leads. This is a classic exam clue: a very regular narrow-complex tachycardia sitting stubbornly around 150/min should prompt a deliberate search for flutter waves. Multifocal atrial tachycardia is irregular with at least three P-wave morphologies, while AVNRT usually has absent or retrograde P waves rather than organised flutter activity.",Cardiology,"Atrial flutter,2:1 conduction,Narrow complex tachycardia,ECG,Cardiology,2020 Feb CA",images/q0012.png,,
233,A 54-year-old man has severe aortic regurgitation on echocardiogram. He has no cardiac symptoms. What feature in echocardiogram would be the strongest indication for AV replacement?,Anterior mitral valve leaflet fluttering,Holodiastolic reversal of flow,LVEF <50%,LVEDD <65,,,,,3,"In severe asymptomatic aortic regurgitation, the strongest indication among these options for aortic valve replacement is development of LV systolic dysfunction, represented in the recalled question by an LVEF <50%. Chronic AR causes progressive LV volume overload and eccentric remodelling; patients may remain asymptomatic for a long time, so declining LV function indicates that compensatory mechanisms are failing and irreversible myocardial dysfunction may develop if surgery is delayed. Holodiastolic flow reversal supports the diagnosis of severe AR but does not by itself demonstrate LV decompensation. Contemporary guidelines may use somewhat earlier LV thresholds than older recalls, but the exam principle is stable: severe AR + symptoms or objective LV decompensation/dilatation = consider surgery.",Cardiology,"Aortic regurgitation,Aortic valve replacement,LVEF,Valvular heart disease,Cardiology,2021 Feb CA",,,
234,"A 17-year-old boy presents with group A streptococcal positive acute rheumatic fever, with arthritis, pericarditis, and a prolonged PR. What is the shortest recommended duration of antibiotics for secondary prevention of recurrence?",1 year,5 years,10 years,15 years,,,,,3,"The worked recall identifies 10 years as the intended minimum duration of secondary antibiotic prophylaxis in this patient with acute rheumatic fever and cardiac involvement. Secondary prophylaxis is crucial because recurrent group A streptococcal infection can trigger another episode of rheumatic fever, and repeated carditis substantially increases the risk of permanent rheumatic valvular disease. Long-acting intramuscular benzathine penicillin is commonly used. The exact duration depends on whether carditis occurred, whether residual valvular disease persists, the patient's age and local guideline recommendations; patients with established rheumatic heart disease may require substantially longer prophylaxis. The exam concept is therefore not merely treating the original streptococcal infection, but preventing recurrent immune-mediated cardiac injury.",Cardiology,"Acute rheumatic fever,Secondary prophylaxis,Benzathine penicillin,Rheumatic heart disease,Cardiology,2021 Feb CA",,,
235,What is the mechanism of heart failure in carcinoid syndrome?,Cardiomyopathy,Coronary atherosclerosis,Pericardial effusion,Valvular heart disease,,,,,4,"Carcinoid syndrome causes heart failure through valvular heart disease. Serotonin and other tumour-derived vasoactive mediators stimulate plaque-like fibrous deposition on valve leaflets and adjacent endocardium. The pulmonary circulation normally metabolises these mediators, so the right-sided valves are most exposed: tricuspid regurgitation and pulmonary stenosis/regurgitation are the characteristic lesions. Progressive valve dysfunction produces right-sided volume/pressure overload and eventually right heart failure. Cardiomyopathy, coronary atherosclerosis and pericardial effusion are therefore not the characteristic mechanisms. Exam pearl: carcinoid = serotonin-mediated right-sided valvular fibrosis.",Cardiology,"Carcinoid heart disease,Valvular disease,Serotonin,Right heart failure,Cardiology,2021 Feb CA",,,
236,Which of the following is not an indication for CRRT?,Class II-IV symptoms of CCF despite being on optimal medical therapy,LBBB,LVEF <35%,QRS <130,,,,,4,"The source labels this as """"CRRT"""", but the worked explanation makes clear that the question is about cardiac resynchronisation therapy (CRT). A QRS duration <130 ms is not an indication for CRT. CRT is intended to correct electrical and mechanical dyssynchrony in selected patients with symptomatic HFrEF despite guideline-directed medical therapy, with the strongest benefit in those with LBBB morphology and a markedly prolonged QRS, particularly >=150 ms. LVEF <=35% and persistent symptoms support eligibility in the appropriate rhythm/conduction setting. High-yield point: the broader the LBBB QRS, the more likely CRT is to help; a narrow QRS does not provide the dyssynchrony substrate CRT is designed to correct.",Cardiology,"Cardiac resynchronisation therapy,CRT,LBBB,QRS,HFrEF,Cardiology,2021 Feb CA",,,
237,What causes a capture beat on an ECG showing VT?,Sinus and ventricular activity fuse to form a hybrid complex,The distance from QRS to nadir S wave >100s,Sinus node firing causes the ventricle to produce a normal QRS,A rabbit ear RSR shape where left ear larger than right ear,,,,,3,"A capture beat occurs during ventricular tachycardia when an atrial/sinus impulse manages to conduct through the AV node at a moment when the ventricles are excitable and completely activates the ventricles through the normal His-Purkinje system. This produces an isolated normal or near-normal QRS complex within the broad-complex VT. It is evidence of AV dissociation and therefore strongly supports VT over SVT with aberrancy. Do not confuse it with a fusion beat: fusion occurs when a supraventricular impulse and the ventricular tachycardia impulse activate the ventricles simultaneously, producing a hybrid QRS morphology intermediate between the normal QRS and the VT complex.",Cardiology,"Ventricular tachycardia,Capture beat,AV dissociation,Fusion beat,ECG,Cardiology,2021 Feb CA",,,
238,"A 24-year-old male with a history of IVDU presents with fevers and is found to have multiple lung abscesses. A new tricuspid regurgitation murmur is heard, and infective endocarditis is confirmed after investigations. What is the most likely causative organism?",Candida albicans,Escherichia coli,Streptococcus pyogenes,Staphylococcus aureus,,,,,4,"Staphylococcus aureus is the classic cause of infective endocarditis in people who inject drugs. Right-sided disease, particularly tricuspid valve endocarditis, is common because injected organisms reach the right heart first. Septic emboli from tricuspid vegetations travel to the pulmonary circulation, producing multiple peripheral pulmonary nodules, cavitation or lung abscesses-the key clue in this stem. S. aureus also tends to cause an aggressive, acute presentation and can infect previously normal valves. Exam pearl: IVDU + fever + tricuspid regurgitation + septic pulmonary emboli = S. aureus right-sided infective endocarditis until proven otherwise.",Cardiology,"Infective endocarditis,IVDU,Staphylococcus aureus,Tricuspid valve,Septic pulmonary emboli,Cardiology,2021 Feb CA",,,
239,A 76-year-old male presents with 24-hour history of chest pain. His ECG shows an evolving anterior MI. The next day he has a new diastolic murmur. An urgent TTE demonstrates a VSD. He is hemodynamically stable. What is the best option for management of his VSD?,Medical management,Balloon pump,PCI,Surgical repair of VSD,,,,,4,"This is post-myocardial-infarction ventricular septal rupture, a catastrophic mechanical complication caused by myocardial necrosis. It typically occurs several days after a transmural infarction and presents with sudden haemodynamic deterioration or a new harsh systolic murmur, although the patient may initially appear relatively stable. Definitive management is closure of the defect, classically urgent surgical repair. Medical therapy alone has extremely high mortality. An intra-aortic balloon pump or other mechanical circulatory support may temporarily reduce afterload and left-to-right shunting as a bridge, but does not correct the structural lesion. PCI treats the culprit coronary disease but does not repair an established VSD. High-yield post-MI mechanical complications: VSD, papillary muscle rupture causing acute MR, and free-wall rupture causing tamponade.",Cardiology,"Post-MI VSD,Ventricular septal rupture,Mechanical complication,Surgical repair,Cardiology,2021 Feb CA",,,
240,A 55-year-old male from China presents with cardiomyopathy and has a history of a diet rich in fast foods.,Chromium,Zinc,Iodine,Selenium,Iron,Folate,Vitamin B12,Vitamin B6,4,"Selenium deficiency is associated with Keshan disease, an endemic cardiomyopathy originally described in selenium-deficient regions of China. Selenium is required for antioxidant selenoproteins, including glutathione peroxidase, and deficiency increases susceptibility to oxidative myocardial injury. Clinical manifestations can include dilated cardiomyopathy, heart failure and arrhythmias/conduction abnormalities. The geographic clue is important: China + cardiomyopathy should prompt consideration of selenium deficiency in an exam stem. This is distinct from iron overload cardiomyopathy, which is due to excess rather than deficiency, and iodine deficiency, which primarily causes thyroid disease.",Cardiology,"Selenium,Keshan disease,Cardiomyopathy,Micronutrient deficiency,Cardiology,2021 Feb CA",,,
241,Which antibiotic most likely to prolong QT?,Amoxicillin,Ciprofloxacin,Cephalexin,Nitrofurantoin,,,,,2,"Ciprofloxacin is a fluoroquinolone and can prolong the QT interval through inhibition of cardiac repolarising potassium currents. Delayed repolarisation increases the risk of early after-depolarisations and torsades de pointes, particularly in patients with an already prolonged QTc or additional risk factors. Fluoroquinolones differ in their degree of QT effect-moxifloxacin is particularly recognised-but ciprofloxacin remains relevant compared with the non-QT-prolonging beta-lactams and nitrofurantoin listed here. High-yield risk factors for drug-induced torsades include QTc >500 ms, female sex, bradycardia, structural heart disease, hypokalaemia/hypomagnesaemia and combining multiple QT-prolonging medications.",Cardiology,"QT prolongation,Ciprofloxacin,Fluoroquinolones,Torsades,Cardiology,2021 Feb MS",,,
242,What is the process by which the heart is affected in acute rheumatic fever?,Direct bacterial invasion,Immune complex deposition,Molecular mimicry,Superantigen activation,,,,,3,"Acute rheumatic fever affects the heart through molecular mimicry. Group A streptococcal antigens, particularly M-protein epitopes, resemble host cardiac antigens. The adaptive immune response generated against the infection therefore cross-reacts with cardiac tissue, producing inflammatory carditis and valvulitis despite the absence of viable bacteria in the heart. This is classically conceptualised as an antibody-mediated/type II hypersensitivity process with an important T-cell contribution. The key distinction is from direct bacterial invasion: acute rheumatic fever occurs after streptococcal infection and is an autoimmune post-infectious complication.",Cardiology,"Acute rheumatic fever,Molecular mimicry,Carditis,Type II hypersensitivity,Cardiology,2021 Feb MS",,,
243,Most common feature of cardiac sarcoidosis?,Heart failure,Heart block,Pericarditis,Valvular dysfunction,,,,,2,"Heart block is a characteristic and high-yield manifestation of cardiac sarcoidosis because granulomatous inflammation frequently involves the basal interventricular septum and conduction system. Patients may present with first-degree AV block, bundle branch block or high-grade/complete AV block; ventricular arrhythmias and heart failure are other major presentations and sudden cardiac death is an important risk. Cardiac MRI can demonstrate scar/inflammation with late gadolinium enhancement, while FDG-PET assesses active inflammation. Endomyocardial biopsy has limited sensitivity because disease is patchy. Exam pearl: unexplained AV block in a younger patient, especially with extracardiac sarcoid, should trigger consideration of cardiac sarcoidosis.",Cardiology,"Cardiac sarcoidosis,Heart block,AV block,Granulomatous disease,Cardiology,2021 Feb MS",,,
244,Where is BNP released from?,Atria,Ventricles,SA node,Purkinje fibres,,,,,2,"BNP is produced predominantly by ventricular cardiomyocytes in response to increased myocardial wall stretch from pressure or volume loading. The precursor proBNP is cleaved into biologically active BNP and the inactive N-terminal fragment NT-proBNP. BNP promotes natriuresis, diuresis and vasodilation and opposes the renin-angiotensin-aldosterone and sympathetic systems. Clinically, BNP/NT-proBNP are useful in the assessment of suspected heart failure, but interpretation is contextual: concentrations tend to be higher with age, renal impairment and atrial fibrillation and lower in obesity.",Cardiology,"BNP,Ventricles,Natriuretic peptides,Heart failure,Cardiology,2021 Feb MS",,,
245,Expected ECG finding for infective endocarditis with abscess?,Short PR interval,PR prolongation,QT shortening,Diffuse ST elevation,,,,,2,"New PR prolongation in a patient with infective endocarditis should raise concern for peri-annular extension and abscess formation. This is particularly important with aortic valve endocarditis because the aortic root lies close to the AV node and His bundle. Extension of infection into this tissue can produce progressive conduction disease-from PR prolongation to higher-grade AV block. This is therefore a red flag for complicated infective endocarditis and should prompt urgent assessment for peri-valvular abscess, typically with transoesophageal echocardiography and sometimes cardiac CT. Exam pearl: IE + new conduction abnormality = think abscess.",Cardiology,"Infective endocarditis,Perivalvular abscess,PR prolongation,Heart block,Cardiology,2021 Feb MS",,,
246,Which is the predominant ion involved in phase 2 of the cardiac action potential?,Calcium,Sodium,Potassium,Chloride,,,,,1,"Calcium is the key ion responsible for the phase 2 plateau of the ventricular myocyte action potential. After rapid phase 0 depolarisation from fast sodium influx, transient potassium efflux contributes to phase 1. During phase 2, calcium enters through L-type calcium channels while potassium continues to leave the cell; the balance between these opposing currents creates the characteristic plateau. Incoming calcium then triggers calcium-induced calcium release from the sarcoplasmic reticulum, linking electrical activation to myocardial contraction. Phase 3 is dominated by potassium efflux and repolarisation, while phase 4 is the resting membrane potential. High-yield: phase 0 = Na+, phase 2 = Ca2+, phase 3 = K+.",Cardiology,"Cardiac action potential,Phase 2,Calcium,L-type calcium channel,Cardiology,2023 Feb MS",,,
247,What nerve is responsible for the pain experienced in pericarditis?,Cardiac plexus,Phrenic nerve,Recurrent laryngeal nerve,Vagus nerve,,,,,2,"Pericarditic pain is transmitted by the phrenic nerve. The fibrous pericardium and parietal layer of the serous pericardium have somatic sensory innervation from the phrenic nerves, arising from C3-C5. Inflammation therefore produces sharp, pleuritic, positional pain and may refer pain to the shoulder or trapezius ridge because the same cervical roots supply the shoulder region. The visceral pericardium is relatively insensitive to pain. Exam pearl: pericarditis pain classically improves sitting forward and worsens lying flat or with inspiration; trapezius-ridge pain is particularly suggestive of phrenic nerve irritation.",Cardiology,"Pericarditis,Phrenic nerve,Referred pain,Cardiology,2023 Feb MS",,,
248,Mechanism of action of levosimendan?,Influx of calcium,Unclear option,Increased release of calcium from sarcoplasmic reticulum,Increased sensitivity of membrane/myofilaments to calcium,,,,,4,"Levosimendan is a calcium sensitiser. It binds to cardiac troponin C in a calcium-dependent manner and increases the sensitivity of the contractile apparatus to the calcium already present, thereby increasing contractility without relying primarily on a large increase in intracellular calcium concentration. This distinguishes it mechanistically from agents that increase cAMP and calcium influx. Levosimendan also opens ATP-sensitive potassium channels in vascular smooth muscle, producing vasodilation, so it is sometimes described as an """"inodilator"""". The exam distinction is therefore increased myofilament sensitivity to calcium rather than increased calcium entry or release from the sarcoplasmic reticulum.",Cardiology,"Levosimendan,Calcium sensitiser,Inotrope,Troponin C,Cardiology,2023 Feb MS",,,
249,A 60-year-old female presents with chest pain and shortness of breath. She has diet-controlled type 2 diabetes. What type of AV block and region of infarct is shown in the ECG?,Third degree - anterior,Second degree Mobitz I - anterior,Third degree - inferior,Second degree Mobitz II - inferior,,,,,3,"The ECG represents complete (third-degree) AV block complicating an inferior myocardial infarction. Inferior STEMI is identified by ST elevation in leads II, III and aVF and is most commonly caused by RCA occlusion. In most people the AV node is supplied by the RCA, so inferior infarction can produce AV nodal ischaemia and high-grade heart block. Complete heart block is diagnosed by AV dissociation: P waves and QRS complexes occur independently, with no fixed PR relationship. Compared with anterior MI, heart block in inferior MI is more often AV nodal, may have a narrow escape rhythm and is frequently transient; anterior MI-related complete block implies extensive His-Purkinje damage and carries a worse prognosis.",Cardiology,"Inferior MI,Complete heart block,AV dissociation,ECG,Cardiology,2023 Feb MS",images/q0013.png,,
250,"SGLT2 inhibitors have been shown to improve cardiovascular outcomes. Which of the following best represents their effects on weight, blood pressure and LDL-C?","Weight gain, BP increase, LDL-C reduces","Weight loss, BP decrease, LDL-C increases","Weight neutral, BP increase, LDL-C reduces","Weight loss, BP decrease, LDL-C reduces",,,,,2,"SGLT2 inhibitors typically cause modest weight loss and a modest reduction in blood pressure, while LDL cholesterol may rise slightly. Blocking proximal tubular glucose and sodium reabsorption causes glycosuria, caloric loss and osmotic diuresis/natriuresis, explaining the weight and blood-pressure effects. Despite the small LDL increase, SGLT2 inhibitors have major cardiovascular and renal benefits, including reduction in heart-failure hospitalisation and benefit across the spectrum of heart failure, including in patients without diabetes. Exam pearl: do not let the slight LDL rise distract from the class's substantial cardiorenal outcome benefit.",Cardiology,"SGLT2 inhibitors,Weight,Blood pressure,LDL,Cardiovascular outcomes,Cardiology,2023 Feb MS",,,
251,What adrenergic receptors does midodrine agonise?,Alpha 1,Alpha 2,Alpha 1 and 2,Beta,,,,,1,"Midodrine is a peripheral alpha-1 adrenergic receptor agonist. Its active metabolite causes arteriolar and venous vasoconstriction, increasing systemic vascular resistance and venous return and thereby raising standing blood pressure. It is used for symptomatic orthostatic hypotension when non-pharmacological measures are inadequate. Important adverse effects include supine hypertension, piloerection, scalp tingling and urinary retention, so dosing near bedtime is generally avoided. The key pharmacology association is straightforward: midodrine = alpha-1 agonist = peripheral vasoconstriction.",Cardiology,"Midodrine,Alpha-1 agonist,Orthostatic hypotension,Vasoconstriction,Cardiology,2023 Feb MS",,,
252,Vitamin D is associated with vascular calcium deposits in chronic kidney disease. What other vitamin is associated with this?,Vitamin A,Vitamin C,Vitamin E,Vitamin K,,,,,4,"Vitamin K is linked to vascular calcification because it is required for gamma-carboxylation and activation of matrix Gla protein, an important inhibitor of vascular mineral deposition. When vitamin K activity is reduced, matrix Gla protein remains under-carboxylated and less able to inhibit calcification. This is particularly relevant in chronic kidney disease, where vascular calcification is already accelerated by abnormalities of phosphate, calcium and mineral-bone metabolism. Warfarin antagonises vitamin K and has therefore been associated with vascular calcification and calciphylaxis. High-yield link: vitamin K -> activates matrix Gla protein -> inhibits vascular calcification.",Cardiology,"Vitamin K,Vascular calcification,CKD,Matrix Gla protein,Cardiology,2023 Feb MS",,,
253,Where do thiazide diuretics work?,Na-Cl cotransporter at proximal convoluted tubule,Na-Cl cotransporter at distal convoluted tubule,Na-K cotransporter at proximal convoluted tubule,Na-K cotransporter at distal convoluted tubule,,,,,2,"Thiazide diuretics inhibit the sodium-chloride cotransporter (NCC) in the distal convoluted tubule. This produces moderate natriuresis and is why thiazides are widely used for hypertension. Increased distal sodium delivery promotes potassium and hydrogen loss, contributing to hypokalaemia and metabolic alkalosis. Thiazides also increase calcium reabsorption, so they can cause mild hypercalcaemia and reduce urinary calcium excretion-useful in recurrent calcium nephrolithiasis. Other classic adverse effects include hyponatraemia, hyperuricaemia and glucose intolerance. Contrast with loop diuretics, which inhibit NKCC2 in the thick ascending limb and increase urinary calcium excretion.",Cardiology,"Thiazide diuretics,Na-Cl cotransporter,Distal convoluted tubule,Diuretics,Cardiology,2023 Feb MS",,,
254,A patient with heart failure with reduced ejection fraction is commenced on sacubitril/valsartan. What is the primary mechanism by which sacubitril improves outcomes?,Inhibition of angiotensin II receptors,Increased degradation of natriuretic peptides,Inhibition of neprilysin,Increased aldosterone secretion,Direct vasodilation via nitric oxide,,,,3,"Sacubitril inhibits neprilysin, the enzyme responsible for degrading several vasoactive peptides including endogenous natriuretic peptides. Neprilysin inhibition therefore increases natriuretic peptide activity, promoting natriuresis, vasodilation and favourable anti-remodelling effects. Sacubitril is combined with valsartan, an angiotensin II receptor blocker, because neprilysin inhibition alone can increase angiotensin II activity; together the combination is termed an ARNI. In HFrEF, sacubitril/valsartan improves cardiovascular outcomes compared with ACE-inhibitor therapy in appropriate patients. High-yield safety point: an ACE inhibitor requires a washout period before starting sacubitril/valsartan because combined bradykinin accumulation increases angioedema risk.",Cardiology,"Sacubitril,Neprilysin,ARNI,HFrEF,Natriuretic peptides,Cardiology,2023 Feb MS",,,
255,Which of the following best describes the mechanism of action of loop diuretics?,Inhibition of Na-Cl cotransporter in distal tubule,Inhibition of Na-K-2Cl cotransporter in thick ascending limb,Increased sodium reabsorption in proximal tubule,Inhibition of ENaC channels in collecting duct,Aldosterone receptor antagonism,,,,2,"Loop diuretics inhibit the Na-K-2Cl cotransporter (NKCC2) in the thick ascending limb of the loop of Henle. This segment normally reabsorbs a large sodium load and helps generate the medullary concentration gradient, so its blockade produces potent natriuresis and diuresis. Loss of the lumen-positive potential also increases urinary calcium and magnesium excretion. Important adverse effects include hypokalaemia, hypomagnesaemia, metabolic alkalosis, volume depletion, hyperuricaemia and ototoxicity. High-yield comparison: loops lose calcium, whereas thiazides retain calcium.",Cardiology,"Loop diuretics,NKCC2,Thick ascending limb,Diuretics,Cardiology,2023 Feb MS",,,
256,Which pathogen is most commonly associated with infective endocarditis in intravenous drug users?,Streptococcus gallolyticus,Enterococcus faecalis,Staphylococcus aureus,HACEK organisms,Streptococcus viridans,,,,3,"Staphylococcus aureus is the organism most strongly associated with infective endocarditis in people who inject drugs. Repeated injection introduces skin flora directly into the bloodstream, and the tricuspid valve is commonly affected because it is the first valve encountered in the venous circulation. Right-sided vegetations can embolise to the lungs, producing pleuritic pain, nodular infiltrates, cavitation or lung abscesses. S. aureus can infect previously normal valves and often causes an acute, destructive illness. Exam pearl: IVDU + tricuspid IE/septic pulmonary emboli = S. aureus.",Cardiology,"Infective endocarditis,IVDU,Staphylococcus aureus,Tricuspid valve,Cardiology,2023 Feb MS",,,
257,Which anticoagulant causes hyperkalaemia by inducing hypoaldosteronism / interfering with aldosterone?,Warfarin,Heparin,Rivaroxaban / Dabigatran,Dabigatran / Apixaban,,,,,2,"Heparin can cause hyperkalaemia by suppressing aldosterone synthesis in the adrenal zona glomerulosa. Reduced aldosterone decreases distal nephron sodium reabsorption and potassium/hydrogen secretion, producing hyperkalaemia and sometimes a mild type 4 renal tubular acidosis pattern. The effect is more likely with prolonged therapy and in patients already predisposed to hyperkalaemia, such as those with diabetes or chronic kidney disease. This adverse effect is separate from heparin-induced thrombocytopenia. Exam pearl: heparin is an easily overlooked medication cause of hypoaldosteronism and hyperkalaemia.",Cardiology,"Heparin,Hyperkalaemia,Hypoaldosteronism,Type 4 RTA,Cardiology,2023 Feb MS",,,
258,"A 46-year-old female presents with a new diagnosis of acute pulmonary embolism. HR 94, BP 110/64. TTE shows right heart dilatation. Which treatment has been shown to have the greatest improvement in mortality?",Anticoagulation,IVC filter,Catheter-directed thrombolysis,Thrombectomy,,,,,1,"This patient has acute pulmonary embolism with right ventricular dilatation but preserved blood pressure, placing her in an intermediate-risk rather than high-risk (massive) PE category. Therapeutic anticoagulation is the cornerstone treatment and is the intervention among these options with established mortality benefit in this haemodynamically stable setting. RV strain alone does not justify routine systemic or catheter-directed thrombolysis because the reduction in haemodynamic deterioration is offset by major bleeding risk, particularly intracranial haemorrhage. Thrombectomy or rescue reperfusion is considered if the patient deteriorates or has contraindications to thrombolysis in a high-risk situation. IVC filters do not treat the existing thrombus and are generally reserved for patients who cannot receive anticoagulation or have selected recurrent events despite it.",Cardiology,"Pulmonary embolism,Anticoagulation,Right heart strain,Intermediate risk PE,Cardiology,2023 Feb CA",,,
259,"An 85-year-old male wants to reduce pill burden. Background: CKD, AF, treated bladder cancer, chronic urinary retention with IDC, previous R MCA stroke and hypertension. Medications: frusemide, warfarin, atorvastatin, metoprolol, prazosin and enalapril. What is the first medication you would cease?",Frusemide,Warfarin,Atorvastatin,Prazosin,,,,,3,"The worked recall gives atorvastatin as the first medication to cease in this older patient who explicitly wants to reduce pill burden. The reasoning is deprescribing based on goals of care and time-to-benefit: statins provide preventive benefit over years, whereas this patient's competing comorbidity and preference may reduce the value of continuing long-term primary/secondary prevention therapy. In contrast, warfarin remains highly important because atrial fibrillation plus a previous MCA stroke implies very high recurrent thromboembolic risk. Prazosin is also worth reviewing because alpha blockade can worsen postural hypotension and falls, so in real practice deprescribing should be individualised rather than automatic. The RACP principle is to match preventive medication to life expectancy, frailty, adverse effects and patient priorities rather than simply continuing every chronic drug indefinitely.",Cardiology,"Deprescribing,Atorvastatin,Older patient,Polypharmacy,Cardiovascular prevention,Cardiology,2023 Feb CA",,,
260,A 37-year-old woman presents with hypertension. CT renal angiography shows a beaded renal artery appearance. What is the most likely cause?,Atherosclerotic renal artery stenosis,Fibromuscular dysplasia,Polyarteritis nodosa,Renal artery dissection,,,,,2,"The beaded or """"string-of-beads"""" appearance of the renal artery in a young woman with hypertension is classic for fibromuscular dysplasia (FMD). FMD is a non-atherosclerotic, non-inflammatory arteriopathy, most commonly affecting medium-sized renal and cervicocephalic arteries. Alternating areas of stenosis and dilatation produce the characteristic angiographic appearance and renal involvement activates the renin-angiotensin system, causing secondary hypertension. Atherosclerotic renal artery stenosis is more typical in older patients with vascular risk factors and often affects the ostium/proximal artery rather than producing beading. FMD is also associated with arterial aneurysm and dissection, so involvement of other vascular beds may need consideration.",Cardiology,"Fibromuscular dysplasia,Renal artery stenosis,Secondary hypertension,String of beads,Cardiology,2023 Feb CA",images/q0014.png,,
261,A 30-year-old male with Marfan syndrome has asthma significantly exacerbated by beta-blockers. He has hypertension to 150/90 mmHg and HR 98 bpm. Which medication should be prescribed?,If-channel blocker,Angiotensin receptor blocker,Calcium channel blocker,Thiazide diuretic,,,,,2,"An angiotensin receptor blocker is the best option when beta-blockers are not tolerated in Marfan syndrome. The therapeutic goal is not simply to lower brachial blood pressure but to reduce haemodynamic stress on the abnormal aortic wall and slow progressive aortic-root dilatation. Beta-blockers have traditionally been used to reduce heart rate and dP/dt, while ARBs such as losartan are an accepted alternative and may have additional relevance through effects on TGF-beta signalling implicated in Marfan aortopathy. A calcium-channel blocker or thiazide could lower blood pressure but does not have the same specific evidence/role in Marfan aortic disease. Regular aortic imaging remains essential regardless of drug choice.",Cardiology,"Marfan syndrome,ARB,Losartan,Aortic root dilatation,Hypertension,Cardiology,2023 Feb CA",,,
262,Antipsychotics are associated with increased VTE risk. Which confers the highest risk?,Clozapine,Olanzapine,Quetiapine,Risperidone,,,,,1,"Clozapine has the strongest association with venous thromboembolism among the listed antipsychotics. The mechanism is probably multifactorial and may include sedation and reduced mobility, weight gain/metabolic disturbance and possible effects on platelet/coagulation pathways. This association is clinically important because clozapine is also linked to other potentially serious cardiovascular complications, notably myocarditis and cardiomyopathy. The question is comparative: several antipsychotics may increase VTE risk, but clozapine is the standout answer among these options.",Cardiology,"Clozapine,VTE,Antipsychotics,Venous thromboembolism,Cardiology,2023 Feb CA",,,
263,A 37-year-old lady presents acutely to ED with palpitations. Baseline ECG is sinus rhythm. ECG during palpitations shows narrow complex regular tachycardia with HR 150 and flutter waves most obvious in V1. Which rhythm is represented?,Sinus tachycardia,AVNRT,Atrial flutter,Multifocal atrial tachycardia,,,,,3,"This rhythm is atrial flutter with 2:1 AV conduction. Typical flutter has an atrial rate close to 300/min; if alternate flutter waves conduct through the AV node, the ventricular rate is therefore approximately 150/min. Flutter waves may be easiest to see in V1 or the inferior leads and can be partly concealed within QRS/T complexes. This makes a regular narrow-complex tachycardia fixed around 150/min a classic exam trap for """"SVT"""". AVNRT is also regular and narrow but usually lacks organised flutter waves, while multifocal atrial tachycardia is irregular with at least three distinct P-wave morphologies.",Cardiology,"Atrial flutter,2:1 conduction,Narrow complex tachycardia,ECG,Cardiology,2023 Feb CA",,,
264,What causes a capture beat on an ECG showing VT?,Sinus and ventricular activity fuse to form a hybrid complex,Distance from QRS to nadir S wave >100 ms,Sinus node firing causes ventricle to produce a normal QRS,Rabbit ear RSR shape where left ear larger than right ear,,,,,3,"A capture beat during ventricular tachycardia occurs when a sinus impulse successfully traverses the AV node and His-Purkinje system at a moment when the ventricles are not refractory, completely depolarising them through the normal conduction system. It therefore appears as an isolated normal or near-normal QRS complex amid the broad VT complexes. Capture beats demonstrate AV dissociation and strongly favour VT over SVT with aberrancy. A fusion beat is different: simultaneous activation by the supraventricular impulse and ventricular focus produces a hybrid QRS morphology. Both capture and fusion beats are high-yield ECG signs of VT.",Cardiology,"Ventricular tachycardia,Capture beat,Fusion beat,AV dissociation,ECG,Cardiology,2023 Feb CA",images/q0015.png,,
265,"A 45-year-old otherwise healthy female executive has prior pre-eclampsia, SBP 150, cholesterol 5.8 and LDL 4. She is asymptomatic and worried about long-term statins. What test is best to predict long-term atherosclerotic cardiovascular disease?",Myocardial perfusion scan,CT coronary arteries,Coronary calcium score,Exercise stress echocardiogram,,,,,3,"A coronary artery calcium (CAC) score is the best test among these options for refining long-term atherosclerotic cardiovascular risk in an asymptomatic person when the decision about preventive statin therapy is uncertain. Non-contrast CT quantifies calcified coronary plaque burden; a higher CAC score indicates greater subclinical atherosclerosis and higher future event risk. Conversely, a CAC score of zero can sometimes support deferring statin therapy in selected intermediate-risk patients, although it does not override major high-risk indications. Myocardial perfusion imaging and stress echocardiography assess inducible ischaemia and are primarily diagnostic tests for suspected symptomatic coronary disease, while CT coronary angiography is more anatomically detailed but is not the standard simple risk-refinement tool being asked for here.",Cardiology,"Coronary calcium score,ASCVD risk,Primary prevention,Statins,Cardiology,2023 Feb CA",,,
266,A 72-year-old man has a tilt test after a fall. A graph is shown alongside another graph with emotional arousal where BP and HR are stable/elevated. What does the tilt test show?,Afferent baroreceptor failure,Efferent baroreceptor failure,POTS,Vasovagal syncope,,,,,4,"The worked recall interprets the tilt-table trace as vasovagal syncope. Vasovagal syncope is a reflex response in which prolonged upright posture or another trigger leads to inappropriate withdrawal of sympathetic tone with vasodilation, often accompanied by increased vagal activity and bradycardia. On tilt testing this produces a fall in blood pressure, with or without a significant fall in heart rate, reproducing the patient's symptoms. POTS differs because the dominant abnormality is an excessive sustained rise in heart rate on standing without the characteristic major hypotensive response. Baroreflex failure produces marked blood-pressure lability and abnormal responses to stress rather than the typical vasovagal pattern. Because this question originally relied on a graph, the exact trace remains important to interpretation.",Cardiology,"Vasovagal syncope,Tilt table test,POTS,Baroreflex,Cardiology,2023 Feb CA",,,
267,An 80-year-old male with symptomatic postural hypotension has a 20 mmHg systolic drop despite salt supplementation and compression stockings. PMH includes AF and non-ischaemic rate-driven cardiomyopathy. Which is preferred medication?,Midodrine,Fludrocortisone,,,,,,,1,"Midodrine is preferred over fludrocortisone in this patient with symptomatic orthostatic hypotension and underlying cardiomyopathy. Midodrine is an alpha-1 agonist that increases peripheral vascular tone, thereby improving standing blood pressure without relying primarily on plasma-volume expansion. Fludrocortisone is a mineralocorticoid that increases renal sodium and water retention; this can worsen oedema or heart failure and can cause hypokalaemia, making it less attractive in a patient with cardiomyopathy. Non-pharmacological measures remain first line-adequate fluid/salt intake where appropriate, compression garments and medication review. High-yield adverse effect of midodrine: supine hypertension, so doses near bedtime are generally avoided.",Cardiology,"Orthostatic hypotension,Midodrine,Fludrocortisone,Cardiomyopathy,Cardiology,2023 Feb CA",,,